0x803d30,Name value,Description value,Character Number,Class (support viewer only),Portrait (Zero is Default),Mini Portrait (Zero is Default),Affinity,Units Screen Priority,Level,Base HP,Base Strength/Magic,Base Skill,Base Speed,Base Defense,Base Resistance,Base Luck,Constitution Bonus,Sword Level,Lance Level,Axe Level,Bow Level,Staff Level,Anima Level,Light Level,Dark Level,HP Growth,Strength/Magic Growth,Skill Growth,Speed Growth,Defense Growth,Magic Defense Growth,Luck Growth,***UNKNOWN*** (Zero),***UNKNOWN*** (Zero),***UNKNOWN*** (Zero),***UNKNOWN*** (Zero),***UNKNOWN*** (Zero),Character Ability 1,Character Ability 2,Character Ability 3,Character Ability 4,Supports Data Pointer,***UNKNOWN***,***UNKNOWN*** (Zero),***UNKNOWN*** (Zero),***UNKNOWN*** (Zero)
None,0x0,0x19,0x1b,0x0,0x1d,0x1f,0x0,0x0,33,0,35,0,37,0,39,0,0,41,0,43,0,45,0,47,0,0,49,0,51,0,5,4,0x2,0x4,0x1c,0x3,0x0,0x7,0xf0,0x1,0xf0,0x3018001,0x4,0x0,0x0,0x0
START OF PLAYABLES – Giffca,GiffcaName,GiffcaDesc,0x1,LionLaguzUntransformed,GiffcaMug,MinimugDefault,NoAffinity,0x1,0,0,0,0,0,0,0,0,0,NoRank,NoRank,NoRank,NoRank,NoRank,NoRank,NoRank,NoRank,0,0,0,0,0,0,0,0x0,0x0,0x0,0x0,0x0,0x0,0x0,0x0,0x0,NoSupports,0x0,0x0,0x0,0x0
Mordecai,MordecaiName,MordecaiDesc,0x2,TigerLaguzUntransformed,MordecaiMug,MinimugDefault,NoAffinity,0x2,0,0,0,0,0,0,0,0,0,NoRank,NoRank,NoRank,NoRank,NoRank,NoRank,NoRank,NoRank,0,0,0,0,0,0,0,0x0,0x0,0x0,0x0,0x0,0x0,0x0,0x0,0x0,NoSupports,0x0,0x0,0x0,0x0
Lethe,LetheName,LetheDesc,0x3,CatLaguzFUntransformed,LetheMug,MinimugDefault,NoAffinity,0x3,0,0,0,0,0,0,0,0,0,NoRank,NoRank,NoRank,NoRank,NoRank,NoRank,NoRank,NoRank,0,0,0,0,0,0,0,0x0,0x0,0x0,0x0,0x0,0x0,IsFemale,0x0,0x0,NoSupports,0x0,0x0,0x0,0x0
Lyre,LyreName,LyreDesc,0x4,CatLaguzFUntransformed,LyreMug,MinimugDefault,NoAffinity,0x4,0,0,0,0,0,0,0,0,0,NoRank,NoRank,NoRank,NoRank,NoRank,NoRank,NoRank,NoRank,0,0,0,0,0,0,0,0x0,0x0,0x0,0x0,0x0,0x0,IsFemale,0x0,0x0,NoSupports,0x0,0x0,0x0,0x0
Ranulf,RanulfName,RanulfDesc,0x5,CatLaguzUntransformed,RanulfMug,MinimugDefault,NoAffinity,0x5,0,0,0,0,0,0,0,0,0,NoRank,NoRank,NoRank,NoRank,NoRank,NoRank,NoRank,NoRank,0,0,0,0,0,0,0,0x0,0x0,0x0,0x0,0x0,0x0,0x0,0x0,0x0,NoSupports,0x0,0x0,0x0,0x0
Kyza,KyzaName,KyzaDesc,0x6,TigerLaguzUntransformed,KyzaMug,MinimugDefault,NoAffinity,0x6,0,0,0,0,0,0,0,0,0,NoRank,NoRank,NoRank,NoRank,NoRank,NoRank,NoRank,NoRank,0,0,0,0,0,0,0,0x0,0x0,0x0,0x0,0x0,0x0,IsFemale,0x0,0x0,NoSupports,0x0,0x0,0x0,0x0
,0x267,0x0,0x7,0,UseClassCardMug,MinimugDefault,NoAffinity,0x7,0,0,0,0,0,0,0,0,0,NoRank,NoRank,NoRank,NoRank,NoRank,NoRank,NoRank,NoRank,0,0,0,0,0,0,0,0x0,0x0,0x0,0x0,0x0,0x0,0x0,0x0,0x0,NoSupports,0x0,0x0,0x0,0x0
,0x267,0x0,0x8,0,UseClassCardMug,MinimugDefault,NoAffinity,0x8,0,0,0,0,0,0,0,0,0,NoRank,NoRank,NoRank,NoRank,NoRank,NoRank,NoRank,NoRank,0,0,0,0,0,0,0,0x0,0x0,0x0,0x0,0x0,0x0,0x0,0x0,0x0,NoSupports,0x0,0x0,0x0,0x0
,0x267,0x0,0x9,0,UseClassCardMug,MinimugDefault,NoAffinity,0x9,0,0,0,0,0,0,0,0,0,NoRank,NoRank,NoRank,NoRank,NoRank,NoRank,NoRank,NoRank,0,0,0,0,0,0,0,0x0,0x0,0x0,0x0,0x0,0x0,0x0,0x0,0x0,NoSupports,0x0,0x0,0x0,0x0
,0x267,0x0,0xa,0,UseClassCardMug,MinimugDefault,NoAffinity,0xa,0,0,0,0,0,0,0,0,0,NoRank,NoRank,NoRank,NoRank,NoRank,NoRank,NoRank,NoRank,0,0,0,0,0,0,0,0x0,0x0,0x0,0x0,0x0,0x0,0x0,0x0,0x0,NoSupports,0x0,0x0,0x0,0x0
,0x267,0x0,0xb,0,UseClassCardMug,MinimugDefault,NoAffinity,0xb,0,0,0,0,0,0,0,0,0,NoRank,NoRank,NoRank,NoRank,NoRank,NoRank,NoRank,NoRank,0,0,0,0,0,0,0,0x0,0x0,0x0,0x0,0x0,0x0,0x0,0x0,0x0,NoSupports,0x0,0x0,0x0,0x0
,0x267,0x0,0xc,0,UseClassCardMug,MinimugDefault,NoAffinity,0xc,0,0,0,0,0,0,0,0,0,NoRank,NoRank,NoRank,NoRank,NoRank,NoRank,NoRank,NoRank,0,0,0,0,0,0,0,0x0,0x0,0x0,0x0,0x0,0x0,0x0,0x0,0x0,NoSupports,0x0,0x0,0x0,0x0
,0x267,0x0,0xd,0,UseClassCardMug,MinimugDefault,NoAffinity,0xd,0,0,0,0,0,0,0,0,0,NoRank,NoRank,NoRank,NoRank,NoRank,NoRank,NoRank,NoRank,0,0,0,0,0,0,0,0x0,0x0,0x0,0x0,0x0,0x0,0x0,0x0,0x0,NoSupports,0x0,0x0,0x0,0x0
,0x267,0x0,0xe,0,UseClassCardMug,MinimugDefault,NoAffinity,0xe,0,0,0,0,0,0,0,0,0,NoRank,NoRank,NoRank,NoRank,NoRank,NoRank,NoRank,NoRank,0,0,0,0,0,0,0,0x0,0x0,0x0,0x0,0x0,0x0,0x0,0x0,0x0,NoSupports,0x0,0x0,0x0,0x0
,0x267,0x0,0xf,0,UseClassCardMug,MinimugDefault,NoAffinity,0xf,0,0,0,0,0,0,0,0,0,NoRank,NoRank,NoRank,NoRank,NoRank,NoRank,NoRank,NoRank,0,0,0,0,0,0,0,0x0,0x0,0x0,0x0,0x0,0x0,0x0,0x0,0x0,NoSupports,0x0,0x0,0x0,0x0
,0x267,0x0,0x10,0,UseClassCardMug,MinimugDefault,NoAffinity,0x10,0,0,0,0,0,0,0,0,0,NoRank,NoRank,NoRank,NoRank,NoRank,NoRank,NoRank,NoRank,0,0,0,0,0,0,0,0x0,0x0,0x0,0x0,0x0,0x0,0x0,0x0,0x0,NoSupports,0x0,0x0,0x0,0x0
,0x267,0x0,0x11,0,UseClassCardMug,MinimugDefault,NoAffinity,0x11,0,0,0,0,0,0,0,0,0,NoRank,NoRank,NoRank,NoRank,NoRank,NoRank,NoRank,NoRank,0,0,0,0,0,0,0,0x0,0x0,0x0,0x0,0x0,0x0,0x0,0x0,0x0,NoSupports,0x0,0x0,0x0,0x0
,0x267,0x0,0x12,0,UseClassCardMug,MinimugDefault,NoAffinity,0x12,0,0,0,0,0,0,0,0,0,NoRank,NoRank,NoRank,NoRank,NoRank,NoRank,NoRank,NoRank,0,0,0,0,0,0,0,0x0,0x0,0x0,0x0,0x0,0x0,0x0,0x0,0x0,NoSupports,0x0,0x0,0x0,0x0
,0x267,0x0,0x13,0,UseClassCardMug,MinimugDefault,NoAffinity,0x13,0,0,0,0,0,0,0,0,0,NoRank,NoRank,NoRank,NoRank,NoRank,NoRank,NoRank,NoRank,0,0,0,0,0,0,0,0x0,0x0,0x0,0x0,0x0,0x0,0x0,0x0,0x0,NoSupports,0x0,0x0,0x0,0x0
,0x267,0x0,0x14,0,UseClassCardMug,MinimugDefault,NoAffinity,0x14,0,0,0,0,0,0,0,0,0,NoRank,NoRank,NoRank,NoRank,NoRank,NoRank,NoRank,NoRank,0,0,0,0,0,0,0,0x0,0x0,0x0,0x0,0x0,0x0,0x0,0x0,0x0,NoSupports,0x0,0x0,0x0,0x0
,0x267,0x0,0x15,0,UseClassCardMug,MinimugDefault,NoAffinity,0x15,0,0,0,0,0,0,0,0,0,NoRank,NoRank,NoRank,NoRank,NoRank,NoRank,NoRank,NoRank,0,0,0,0,0,0,0,0x0,0x0,0x0,0x0,0x0,0x0,0x0,0x0,0x0,NoSupports,0x0,0x0,0x0,0x0
,0x267,0x0,0x16,0,UseClassCardMug,MinimugDefault,NoAffinity,0x16,0,0,0,0,0,0,0,0,0,NoRank,NoRank,NoRank,NoRank,NoRank,NoRank,NoRank,NoRank,0,0,0,0,0,0,0,0x0,0x0,0x0,0x0,0x0,0x0,0x0,0x0,0x0,NoSupports,0x0,0x0,0x0,0x0
,0x267,0x0,0x17,0,UseClassCardMug,MinimugDefault,NoAffinity,0x17,0,0,0,0,0,0,0,0,0,NoRank,NoRank,NoRank,NoRank,NoRank,NoRank,NoRank,NoRank,0,0,0,0,0,0,0,0x0,0x0,0x0,0x0,0x0,0x0,0x0,0x0,0x0,NoSupports,0x0,0x0,0x0,0x0
,0x267,0x0,0x18,0,UseClassCardMug,MinimugDefault,NoAffinity,0x18,0,0,0,0,0,0,0,0,0,NoRank,NoRank,NoRank,NoRank,NoRank,NoRank,NoRank,NoRank,0,0,0,0,0,0,0,0x0,0x0,0x0,0x0,0x0,0x0,0x0,0x0,0x0,NoSupports,0x0,0x0,0x0,0x0
,0x267,0x0,0x19,0,UseClassCardMug,MinimugDefault,NoAffinity,0x19,0,0,0,0,0,0,0,0,0,NoRank,NoRank,NoRank,NoRank,NoRank,NoRank,NoRank,NoRank,0,0,0,0,0,0,0,0x0,0x0,0x0,0x0,0x0,0x0,0x0,0x0,0x0,NoSupports,0x0,0x0,0x0,0x0
,0x267,0x0,0x1a,0,UseClassCardMug,MinimugDefault,NoAffinity,0x1a,0,0,0,0,0,0,0,0,0,NoRank,NoRank,NoRank,NoRank,NoRank,NoRank,NoRank,NoRank,0,0,0,0,0,0,0,0x0,0x0,0x0,0x0,0x0,0x0,0x0,0x0,0x0,NoSupports,0x0,0x0,0x0,0x0
,0x267,0x0,0x1b,0,UseClassCardMug,MinimugDefault,NoAffinity,0x1b,0,0,0,0,0,0,0,0,0,NoRank,NoRank,NoRank,NoRank,NoRank,NoRank,NoRank,NoRank,0,0,0,0,0,0,0,0x0,0x0,0x0,0x0,0x0,0x0,0x0,0x0,0x0,NoSupports,0x0,0x0,0x0,0x0
,0x267,0x0,0x1c,0,UseClassCardMug,MinimugDefault,NoAffinity,0x1c,0,0,0,0,0,0,0,0,0,NoRank,NoRank,NoRank,NoRank,NoRank,NoRank,NoRank,NoRank,0,0,0,0,0,0,0,0x0,0x0,0x0,0x0,0x0,0x0,0x0,0x0,0x0,NoSupports,0x0,0x0,0x0,0x0
,0x267,0x0,0x1d,0,UseClassCardMug,MinimugDefault,NoAffinity,0x1d,0,0,0,0,0,0,0,0,0,NoRank,NoRank,NoRank,NoRank,NoRank,NoRank,NoRank,NoRank,0,0,0,0,0,0,0,0x0,0x0,0x0,0x0,0x0,0x0,0x0,0x0,0x0,NoSupports,0x0,0x0,0x0,0x0
,0x267,0x0,0x1e,0,UseClassCardMug,MinimugDefault,NoAffinity,0x1e,0,0,0,0,0,0,0,0,0,NoRank,NoRank,NoRank,NoRank,NoRank,NoRank,NoRank,NoRank,0,0,0,0,0,0,0,0x0,0x0,0x0,0x0,0x0,0x0,0x0,0x0,0x0,NoSupports,0x0,0x0,0x0,0x0
,0x267,0x0,0x1f,0,UseClassCardMug,MinimugDefault,NoAffinity,0x1f,0,0,0,0,0,0,0,0,0,NoRank,NoRank,NoRank,NoRank,NoRank,NoRank,NoRank,NoRank,0,0,0,0,0,0,0,0x0,0x0,0x0,0x0,0x0,0x0,0x0,0x0,0x0,NoSupports,0x0,0x0,0x0,0x0
,0x267,0x0,0x20,0,UseClassCardMug,MinimugDefault,NoAffinity,0x20,0,0,0,0,0,0,0,0,0,NoRank,NoRank,NoRank,NoRank,NoRank,NoRank,NoRank,NoRank,0,0,0,0,0,0,0,0x0,0x0,0x0,0x0,0x0,0x0,0x0,0x0,0x0,NoSupports,0x0,0x0,0x0,0x0
,0x267,0x0,0x21,0,UseClassCardMug,MinimugDefault,NoAffinity,0x21,0,0,0,0,0,0,0,0,0,NoRank,NoRank,NoRank,NoRank,NoRank,NoRank,NoRank,NoRank,0,0,0,0,0,0,0,0x0,0x0,0x0,0x0,0x0,0x0,0x0,0x0,0x0,NoSupports,0x0,0x0,0x0,0x0
,0x267,0x0,0x22,0,UseClassCardMug,MinimugDefault,NoAffinity,0x22,0,0,0,0,0,0,0,0,0,NoRank,NoRank,NoRank,NoRank,NoRank,NoRank,NoRank,NoRank,0,0,0,0,0,0,0,0x0,0x0,0x0,0x0,0x0,0x0,0x0,0x0,0x0,NoSupports,0x0,0x0,0x0,0x0
,0x267,0x0,0x23,0,UseClassCardMug,MinimugDefault,NoAffinity,0x23,0,0,0,0,0,0,0,0,0,NoRank,NoRank,NoRank,NoRank,NoRank,NoRank,NoRank,NoRank,0,0,0,0,0,0,0,0x0,0x0,0x0,0x0,0x0,0x0,0x0,0x0,0x0,NoSupports,0x0,0x0,0x0,0x0
,0x267,0x0,0x24,0,UseClassCardMug,MinimugDefault,NoAffinity,0x24,0,0,0,0,0,0,0,0,0,NoRank,NoRank,NoRank,NoRank,NoRank,NoRank,NoRank,NoRank,0,0,0,0,0,0,0,0x0,0x0,0x0,0x0,0x0,0x0,0x0,0x0,0x0,NoSupports,0x0,0x0,0x0,0x0
,0x267,0x0,0x25,0,UseClassCardMug,MinimugDefault,NoAffinity,0x25,0,0,0,0,0,0,0,0,0,NoRank,NoRank,NoRank,NoRank,NoRank,NoRank,NoRank,NoRank,0,0,0,0,0,0,0,0x0,0x0,0x0,0x0,0x0,0x0,0x0,0x0,0x0,NoSupports,0x0,0x0,0x0,0x0
,0x267,0x0,0x26,0,UseClassCardMug,MinimugDefault,NoAffinity,0x26,0,0,0,0,0,0,0,0,0,NoRank,NoRank,NoRank,NoRank,NoRank,NoRank,NoRank,NoRank,0,0,0,0,0,0,0,0x0,0x0,0x0,0x0,0x0,0x0,0x0,0x0,0x0,NoSupports,0x0,0x0,0x0,0x0
,0x267,0x0,0x27,0,UseClassCardMug,MinimugDefault,NoAffinity,0x27,0,0,0,0,0,0,0,0,0,NoRank,NoRank,NoRank,NoRank,NoRank,NoRank,NoRank,NoRank,0,0,0,0,0,0,0,0x0,0x0,0x0,0x0,0x0,0x0,0x0,0x0,0x0,NoSupports,0x0,0x0,0x0,0x0
,0x267,0x0,0x28,0,UseClassCardMug,MinimugDefault,NoAffinity,0x28,0,0,0,0,0,0,0,0,0,NoRank,NoRank,NoRank,NoRank,NoRank,NoRank,NoRank,NoRank,0,0,0,0,0,0,0,0x0,0x0,0x0,0x0,0x0,0x0,0x0,0x0,0x0,NoSupports,0x0,0x0,0x0,0x0
,0x267,0x0,0x29,0,UseClassCardMug,MinimugDefault,NoAffinity,0x29,0,0,0,0,0,0,0,0,0,NoRank,NoRank,NoRank,NoRank,NoRank,NoRank,NoRank,NoRank,0,0,0,0,0,0,0,0x0,0x0,0x0,0x0,0x0,0x0,0x0,0x0,0x0,NoSupports,0x0,0x0,0x0,0x0
,0x267,0x0,0x2a,0,UseClassCardMug,MinimugDefault,NoAffinity,0x2a,0,0,0,0,0,0,0,0,0,NoRank,NoRank,NoRank,NoRank,NoRank,NoRank,NoRank,NoRank,0,0,0,0,0,0,0,0x0,0x0,0x0,0x0,0x0,0x0,0x0,0x0,0x0,NoSupports,0x0,0x0,0x0,0x0
,0x267,0x0,0x2b,0,UseClassCardMug,MinimugDefault,NoAffinity,0x2b,0,0,0,0,0,0,0,0,0,NoRank,NoRank,NoRank,NoRank,NoRank,NoRank,NoRank,NoRank,0,0,0,0,0,0,0,0x0,0x0,0x0,0x0,0x0,0x0,0x0,0x0,0x0,NoSupports,0x0,0x0,0x0,0x0
,0x267,0x0,0x2c,0,UseClassCardMug,MinimugDefault,NoAffinity,0x2c,0,0,0,0,0,0,0,0,0,NoRank,NoRank,NoRank,NoRank,NoRank,NoRank,NoRank,NoRank,0,0,0,0,0,0,0,0x0,0x0,0x0,0x0,0x0,0x0,0x0,0x0,0x0,NoSupports,0x0,0x0,0x0,0x0
,0x267,0x0,0x2d,0,UseClassCardMug,MinimugDefault,NoAffinity,0x2d,0,0,0,0,0,0,0,0,0,NoRank,NoRank,NoRank,NoRank,NoRank,NoRank,NoRank,NoRank,0,0,0,0,0,0,0,0x0,0x0,0x0,0x0,0x0,0x0,0x0,0x0,0x0,NoSupports,0x0,0x0,0x0,0x0
,0x267,0x0,0x2e,0,UseClassCardMug,MinimugDefault,NoAffinity,0x2e,0,0,0,0,0,0,0,0,0,NoRank,NoRank,NoRank,NoRank,NoRank,NoRank,NoRank,NoRank,0,0,0,0,0,0,0,0x0,0x0,0x0,0x0,0x0,0x0,0x0,0x0,0x0,NoSupports,0x0,0x0,0x0,0x0
,0x267,0x0,0x2f,0,UseClassCardMug,MinimugDefault,NoAffinity,0x2f,0,0,0,0,0,0,0,0,0,NoRank,NoRank,NoRank,NoRank,NoRank,NoRank,NoRank,NoRank,0,0,0,0,0,0,0,0x0,0x0,0x0,0x0,0x0,0x0,0x0,0x0,0x0,NoSupports,0x0,0x0,0x0,0x0
,0x267,0x0,0x30,0,UseClassCardMug,MinimugDefault,NoAffinity,0x30,0,0,0,0,0,0,0,0,0,NoRank,NoRank,NoRank,NoRank,NoRank,NoRank,NoRank,NoRank,0,0,0,0,0,0,0,0x0,0x0,0x0,0x0,0x0,0x0,0x0,0x0,0x0,NoSupports,0x0,0x0,0x0,0x0
,0x267,0x0,0x31,0,UseClassCardMug,MinimugDefault,NoAffinity,0x31,0,0,0,0,0,0,0,0,0,NoRank,NoRank,NoRank,NoRank,NoRank,NoRank,NoRank,NoRank,0,0,0,0,0,0,0,0x0,0x0,0x0,0x0,0x0,0x0,0x0,0x0,0x0,NoSupports,0x0,0x0,0x0,0x0
,0x267,0x0,0x32,0,UseClassCardMug,MinimugDefault,NoAffinity,0x32,0,0,0,0,0,0,0,0,0,NoRank,NoRank,NoRank,NoRank,NoRank,NoRank,NoRank,NoRank,0,0,0,0,0,0,0,0x0,0x0,0x0,0x0,0x0,0x0,0x0,0x0,0x0,NoSupports,0x0,0x0,0x0,0x0
,0x267,0x0,0x33,0,UseClassCardMug,MinimugDefault,NoAffinity,0x33,0,0,0,0,0,0,0,0,0,NoRank,NoRank,NoRank,NoRank,NoRank,NoRank,NoRank,NoRank,0,0,0,0,0,0,0,0x0,0x0,0x0,0x0,0x0,0x0,0x0,0x0,0x0,NoSupports,0x0,0x0,0x0,0x0
,0x267,0x0,0x34,0,UseClassCardMug,MinimugDefault,NoAffinity,0x34,0,0,0,0,0,0,0,0,0,NoRank,NoRank,NoRank,NoRank,NoRank,NoRank,NoRank,NoRank,0,0,0,0,0,0,0,0x0,0x0,0x0,0x0,0x0,0x0,0x0,0x0,0x0,NoSupports,0x0,0x0,0x0,0x0
,0x267,0x0,0x35,0,UseClassCardMug,MinimugDefault,NoAffinity,0x35,0,0,0,0,0,0,0,0,0,NoRank,NoRank,NoRank,NoRank,NoRank,NoRank,NoRank,NoRank,0,0,0,0,0,0,0,0x0,0x0,0x0,0x0,0x0,0x0,0x0,0x0,0x0,NoSupports,0x0,0x0,0x0,0x0
,0x267,0x0,0x36,0,UseClassCardMug,MinimugDefault,NoAffinity,0x36,0,0,0,0,0,0,0,0,0,NoRank,NoRank,NoRank,NoRank,NoRank,NoRank,NoRank,NoRank,0,0,0,0,0,0,0,0x0,0x0,0x0,0x0,0x0,0x0,0x0,0x0,0x0,NoSupports,0x0,0x0,0x0,0x0
,0x267,0x0,0x37,0,UseClassCardMug,MinimugDefault,NoAffinity,0x37,0,0,0,0,0,0,0,0,0,NoRank,NoRank,NoRank,NoRank,NoRank,NoRank,NoRank,NoRank,0,0,0,0,0,0,0,0x0,0x0,0x0,0x0,0x0,0x0,0x0,0x0,0x0,NoSupports,0x0,0x0,0x0,0x0
,0x267,0x0,0x38,0,UseClassCardMug,MinimugDefault,NoAffinity,0x38,0,0,0,0,0,0,0,0,0,NoRank,NoRank,NoRank,NoRank,NoRank,NoRank,NoRank,NoRank,0,0,0,0,0,0,0,0x0,0x0,0x0,0x0,0x0,0x0,0x0,0x0,0x0,NoSupports,0x0,0x0,0x0,0x0
,0x267,0x0,0x39,0,UseClassCardMug,MinimugDefault,NoAffinity,0x39,0,0,0,0,0,0,0,0,0,NoRank,NoRank,NoRank,NoRank,NoRank,NoRank,NoRank,NoRank,0,0,0,0,0,0,0,0x0,0x0,0x0,0x0,0x0,0x0,0x0,0x0,0x0,NoSupports,0x0,0x0,0x0,0x0
,0x267,0x0,0x3a,0,UseClassCardMug,MinimugDefault,NoAffinity,0x3a,0,0,0,0,0,0,0,0,0,NoRank,NoRank,NoRank,NoRank,NoRank,NoRank,NoRank,NoRank,0,0,0,0,0,0,0,0x0,0x0,0x0,0x0,0x0,0x0,0x0,0x0,0x0,NoSupports,0x0,0x0,0x0,0x0
,0x267,0x0,0x3b,0,UseClassCardMug,MinimugDefault,NoAffinity,0x3b,0,0,0,0,0,0,0,0,0,NoRank,NoRank,NoRank,NoRank,NoRank,NoRank,NoRank,NoRank,0,0,0,0,0,0,0,0x0,0x0,0x0,0x0,0x0,0x0,0x0,0x0,0x0,NoSupports,0x0,0x0,0x0,0x0
,0x267,0x0,0x3c,0,UseClassCardMug,MinimugDefault,NoAffinity,0x3c,0,0,0,0,0,0,0,0,0,NoRank,NoRank,NoRank,NoRank,NoRank,NoRank,NoRank,NoRank,0,0,0,0,0,0,0,0x0,0x0,0x0,0x0,0x0,0x0,0x0,0x0,0x0,NoSupports,0x0,0x0,0x0,0x0
,0x267,0x0,0x3d,0,UseClassCardMug,MinimugDefault,NoAffinity,0x3d,0,0,0,0,0,0,0,0,0,NoRank,NoRank,NoRank,NoRank,NoRank,NoRank,NoRank,NoRank,0,0,0,0,0,0,0,0x0,0x0,0x0,0x0,0x0,0x0,0x0,0x0,0x0,NoSupports,0x0,0x0,0x0,0x0
,0x267,0x0,0x3e,0,UseClassCardMug,MinimugDefault,NoAffinity,0x3e,0,0,0,0,0,0,0,0,0,NoRank,NoRank,NoRank,NoRank,NoRank,NoRank,NoRank,NoRank,0,0,0,0,0,0,0,0x0,0x0,0x0,0x0,0x0,0x0,0x0,0x0,0x0,NoSupports,0x0,0x0,0x0,0x0
,0x267,0x0,0x3f,0,UseClassCardMug,MinimugDefault,NoAffinity,0x3f,0,0,0,0,0,0,0,0,0,NoRank,NoRank,NoRank,NoRank,NoRank,NoRank,NoRank,NoRank,0,0,0,0,0,0,0,0x0,0x0,0x0,0x0,0x0,0x0,0x0,0x0,0x0,NoSupports,0x0,0x0,0x0,0x0
,0x267,0x0,0x40,0,UseClassCardMug,MinimugDefault,NoAffinity,0x40,0,0,0,0,0,0,0,0,0,NoRank,NoRank,NoRank,NoRank,NoRank,NoRank,NoRank,NoRank,0,0,0,0,0,0,0,0x0,0x0,0x0,0x0,0x0,0x0,0x0,0x0,0x0,NoSupports,0x0,0x0,0x0,0x0
,0x267,0x0,0x41,0,UseClassCardMug,MinimugDefault,NoAffinity,0x41,0,0,0,0,0,0,0,0,0,NoRank,NoRank,NoRank,NoRank,NoRank,NoRank,NoRank,NoRank,0,0,0,0,0,0,0,0x0,0x0,0x0,0x0,0x0,0x0,0x0,0x0,0x0,NoSupports,0x0,0x0,0x0,0x0
,0x267,0x0,0x42,0,UseClassCardMug,MinimugDefault,NoAffinity,0x42,0,0,0,0,0,0,0,0,0,NoRank,NoRank,NoRank,NoRank,NoRank,NoRank,NoRank,NoRank,0,0,0,0,0,0,0,0x0,0x0,0x0,0x0,0x0,0x0,0x0,0x0,0x0,NoSupports,0x0,0x0,0x0,0x0
,0x267,0x0,0x43,0,UseClassCardMug,MinimugDefault,NoAffinity,0x43,0,0,0,0,0,0,0,0,0,NoRank,NoRank,NoRank,NoRank,NoRank,NoRank,NoRank,NoRank,0,0,0,0,0,0,0,0x0,0x0,0x0,0x0,0x0,0x0,0x0,0x0,0x0,NoSupports,0x0,0x0,0x0,0x0
,0x267,0x0,0x44,0,UseClassCardMug,MinimugDefault,NoAffinity,0x44,0,0,0,0,0,0,0,0,0,NoRank,NoRank,NoRank,NoRank,NoRank,NoRank,NoRank,NoRank,0,0,0,0,0,0,0,0x0,0x0,0x0,0x0,0x0,0x0,0x0,0x0,0x0,NoSupports,0x0,0x0,0x0,0x0
,0x267,0x0,0x45,0,UseClassCardMug,MinimugDefault,NoAffinity,0x45,0,0,0,0,0,0,0,0,0,NoRank,NoRank,NoRank,NoRank,NoRank,NoRank,NoRank,NoRank,0,0,0,0,0,0,0,0x0,0x0,0x0,0x0,0x0,0x0,0x0,0x0,0x0,NoSupports,0x0,0x0,0x0,0x0
,0x267,0x0,0x46,0,UseClassCardMug,MinimugDefault,NoAffinity,0x46,0,0,0,0,0,0,0,0,0,NoRank,NoRank,NoRank,NoRank,NoRank,NoRank,NoRank,NoRank,0,0,0,0,0,0,0,0x0,0x0,0x0,0x0,0x0,0x0,0x0,0x0,0x0,NoSupports,0x0,0x0,0x0,0x0
START OF BOSSES,0x267,0x0,0x47,0,UseClassCardMug,MinimugDefault,NoAffinity,0x47,0,0,0,0,0,0,0,0,0,NoRank,NoRank,NoRank,NoRank,NoRank,NoRank,NoRank,NoRank,0,0,0,0,0,0,0,0x0,0x0,0x0,0x0,0x0,0x0,0x0,0x0,0x0,NoSupports,0x0,0x0,0x0,0x0
,0x267,0x0,0x48,0,UseClassCardMug,MinimugDefault,NoAffinity,0x48,0,0,0,0,0,0,0,0,0,NoRank,NoRank,NoRank,NoRank,NoRank,NoRank,NoRank,NoRank,0,0,0,0,0,0,0,0x0,0x0,0x0,0x0,0x0,0x0,0x0,0x0,0x0,NoSupports,0x0,0x0,0x0,0x0
,0x267,0x0,0x49,0,UseClassCardMug,MinimugDefault,NoAffinity,0x49,0,0,0,0,0,0,0,0,0,NoRank,NoRank,NoRank,NoRank,NoRank,NoRank,NoRank,NoRank,0,0,0,0,0,0,0,0x0,0x0,0x0,0x0,0x0,0x0,0x0,0x0,0x0,NoSupports,0x0,0x0,0x0,0x0
,0x267,0x0,0x4a,0,UseClassCardMug,MinimugDefault,NoAffinity,0x4a,0,0,0,0,0,0,0,0,0,NoRank,NoRank,NoRank,NoRank,NoRank,NoRank,NoRank,NoRank,0,0,0,0,0,0,0,0x0,0x0,0x0,0x0,0x0,0x0,0x0,0x0,0x0,NoSupports,0x0,0x0,0x0,0x0
,0x267,0x0,0x4b,0,UseClassCardMug,MinimugDefault,NoAffinity,0x4b,0,0,0,0,0,0,0,0,0,NoRank,NoRank,NoRank,NoRank,NoRank,NoRank,NoRank,NoRank,0,0,0,0,0,0,0,0x0,0x0,0x0,0x0,0x0,0x0,0x0,0x0,0x0,NoSupports,0x0,0x0,0x0,0x0
,0x267,0x0,0x4c,0,UseClassCardMug,MinimugDefault,NoAffinity,0x4c,0,0,0,0,0,0,0,0,0,NoRank,NoRank,NoRank,NoRank,NoRank,NoRank,NoRank,NoRank,0,0,0,0,0,0,0,0x0,0x0,0x0,0x0,0x0,0x0,0x0,0x0,0x0,NoSupports,0x0,0x0,0x0,0x0
,0x267,0x0,0x4d,0,UseClassCardMug,MinimugDefault,NoAffinity,0x4d,0,0,0,0,0,0,0,0,0,NoRank,NoRank,NoRank,NoRank,NoRank,NoRank,NoRank,NoRank,0,0,0,0,0,0,0,0x0,0x0,0x0,0x0,0x0,0x0,0x0,0x0,0x0,NoSupports,0x0,0x0,0x0,0x0
,0x267,0x0,0x4e,0,UseClassCardMug,MinimugDefault,NoAffinity,0x4e,0,0,0,0,0,0,0,0,0,NoRank,NoRank,NoRank,NoRank,NoRank,NoRank,NoRank,NoRank,0,0,0,0,0,0,0,0x0,0x0,0x0,0x0,0x0,0x0,0x0,0x0,0x0,NoSupports,0x0,0x0,0x0,0x0
,0x267,0x0,0x4f,0,UseClassCardMug,MinimugDefault,NoAffinity,0x4f,0,0,0,0,0,0,0,0,0,NoRank,NoRank,NoRank,NoRank,NoRank,NoRank,NoRank,NoRank,0,0,0,0,0,0,0,0x0,0x0,0x0,0x0,0x0,0x0,0x0,0x0,0x0,NoSupports,0x0,0x0,0x0,0x0
,0x267,0x0,0x50,0,UseClassCardMug,MinimugDefault,NoAffinity,0x50,0,0,0,0,0,0,0,0,0,NoRank,NoRank,NoRank,NoRank,NoRank,NoRank,NoRank,NoRank,0,0,0,0,0,0,0,0x0,0x0,0x0,0x0,0x0,0x0,0x0,0x0,0x0,NoSupports,0x0,0x0,0x0,0x0
,0x267,0x0,0x51,0,UseClassCardMug,MinimugDefault,NoAffinity,0x51,0,0,0,0,0,0,0,0,0,NoRank,NoRank,NoRank,NoRank,NoRank,NoRank,NoRank,NoRank,0,0,0,0,0,0,0,0x0,0x0,0x0,0x0,0x0,0x0,0x0,0x0,0x0,NoSupports,0x0,0x0,0x0,0x0
,0x267,0x0,0x52,0,UseClassCardMug,MinimugDefault,NoAffinity,0x52,0,0,0,0,0,0,0,0,0,NoRank,NoRank,NoRank,NoRank,NoRank,NoRank,NoRank,NoRank,0,0,0,0,0,0,0,0x0,0x0,0x0,0x0,0x0,0x0,0x0,0x0,0x0,NoSupports,0x0,0x0,0x0,0x0
,0x267,0x0,0x53,0,UseClassCardMug,MinimugDefault,NoAffinity,0x53,0,0,0,0,0,0,0,0,0,NoRank,NoRank,NoRank,NoRank,NoRank,NoRank,NoRank,NoRank,0,0,0,0,0,0,0,0x0,0x0,0x0,0x0,0x0,0x0,0x0,0x0,0x0,NoSupports,0x0,0x0,0x0,0x0
,0x267,0x0,0x54,0,UseClassCardMug,MinimugDefault,NoAffinity,0x54,0,0,0,0,0,0,0,0,0,NoRank,NoRank,NoRank,NoRank,NoRank,NoRank,NoRank,NoRank,0,0,0,0,0,0,0,0x0,0x0,0x0,0x0,0x0,0x0,0x0,0x0,0x0,NoSupports,0x0,0x0,0x0,0x0
,0x267,0x0,0x55,0,UseClassCardMug,MinimugDefault,NoAffinity,0x55,0,0,0,0,0,0,0,0,0,NoRank,NoRank,NoRank,NoRank,NoRank,NoRank,NoRank,NoRank,0,0,0,0,0,0,0,0x0,0x0,0x0,0x0,0x0,0x0,0x0,0x0,0x0,NoSupports,0x0,0x0,0x0,0x0
,0x267,0x0,0x56,0,UseClassCardMug,MinimugDefault,NoAffinity,0x56,0,0,0,0,0,0,0,0,0,NoRank,NoRank,NoRank,NoRank,NoRank,NoRank,NoRank,NoRank,0,0,0,0,0,0,0,0x0,0x0,0x0,0x0,0x0,0x0,0x0,0x0,0x0,NoSupports,0x0,0x0,0x0,0x0
,0x267,0x0,0x57,0,UseClassCardMug,MinimugDefault,NoAffinity,0x57,0,0,0,0,0,0,0,0,0,NoRank,NoRank,NoRank,NoRank,NoRank,NoRank,NoRank,NoRank,0,0,0,0,0,0,0,0x0,0x0,0x0,0x0,0x0,0x0,0x0,0x0,0x0,NoSupports,0x0,0x0,0x0,0x0
,0x267,0x0,0x58,0,UseClassCardMug,MinimugDefault,NoAffinity,0x58,0,0,0,0,0,0,0,0,0,NoRank,NoRank,NoRank,NoRank,NoRank,NoRank,NoRank,NoRank,0,0,0,0,0,0,0,0x0,0x0,0x0,0x0,0x0,0x0,0x0,0x0,0x0,NoSupports,0x0,0x0,0x0,0x0
,0x267,0x0,0x59,0,UseClassCardMug,MinimugDefault,NoAffinity,0x59,0,0,0,0,0,0,0,0,0,NoRank,NoRank,NoRank,NoRank,NoRank,NoRank,NoRank,NoRank,0,0,0,0,0,0,0,0x0,0x0,0x0,0x0,0x0,0x0,0x0,0x0,0x0,NoSupports,0x0,0x0,0x0,0x0
,0x267,0x0,0x5a,0,UseClassCardMug,MinimugDefault,NoAffinity,0x5a,0,0,0,0,0,0,0,0,0,NoRank,NoRank,NoRank,NoRank,NoRank,NoRank,NoRank,NoRank,0,0,0,0,0,0,0,0x0,0x0,0x0,0x0,0x0,0x0,0x0,0x0,0x0,NoSupports,0x0,0x0,0x0,0x0
,0x267,0x0,0x5b,0,UseClassCardMug,MinimugDefault,NoAffinity,0x5b,0,0,0,0,0,0,0,0,0,NoRank,NoRank,NoRank,NoRank,NoRank,NoRank,NoRank,NoRank,0,0,0,0,0,0,0,0x0,0x0,0x0,0x0,0x0,0x0,0x0,0x0,0x0,NoSupports,0x0,0x0,0x0,0x0
,0x267,0x0,0x5c,0,UseClassCardMug,MinimugDefault,NoAffinity,0x5c,0,0,0,0,0,0,0,0,0,NoRank,NoRank,NoRank,NoRank,NoRank,NoRank,NoRank,NoRank,0,0,0,0,0,0,0,0x0,0x0,0x0,0x0,0x0,0x0,0x0,0x0,0x0,NoSupports,0x0,0x0,0x0,0x0
,0x267,0x0,0x5d,0,UseClassCardMug,MinimugDefault,NoAffinity,0x5d,0,0,0,0,0,0,0,0,0,NoRank,NoRank,NoRank,NoRank,NoRank,NoRank,NoRank,NoRank,0,0,0,0,0,0,0,0x0,0x0,0x0,0x0,0x0,0x0,0x0,0x0,0x0,NoSupports,0x0,0x0,0x0,0x0
,0x267,0x0,0x5e,0,UseClassCardMug,MinimugDefault,NoAffinity,0x5e,0,0,0,0,0,0,0,0,0,NoRank,NoRank,NoRank,NoRank,NoRank,NoRank,NoRank,NoRank,0,0,0,0,0,0,0,0x0,0x0,0x0,0x0,0x0,0x0,0x0,0x0,0x0,NoSupports,0x0,0x0,0x0,0x0
,0x267,0x0,0x5f,0,UseClassCardMug,MinimugDefault,NoAffinity,0x5f,0,0,0,0,0,0,0,0,0,NoRank,NoRank,NoRank,NoRank,NoRank,NoRank,NoRank,NoRank,0,0,0,0,0,0,0,0x0,0x0,0x0,0x0,0x0,0x0,0x0,0x0,0x0,NoSupports,0x0,0x0,0x0,0x0
,0x267,0x0,0x60,0,UseClassCardMug,MinimugDefault,NoAffinity,0x60,0,0,0,0,0,0,0,0,0,NoRank,NoRank,NoRank,NoRank,NoRank,NoRank,NoRank,NoRank,0,0,0,0,0,0,0,0x0,0x0,0x0,0x0,0x0,0x0,0x0,0x0,0x0,NoSupports,0x0,0x0,0x0,0x0
,0x267,0x0,0x61,0,UseClassCardMug,MinimugDefault,NoAffinity,0x61,0,0,0,0,0,0,0,0,0,NoRank,NoRank,NoRank,NoRank,NoRank,NoRank,NoRank,NoRank,0,0,0,0,0,0,0,0x0,0x0,0x0,0x0,0x0,0x0,0x0,0x0,0x0,NoSupports,0x0,0x0,0x0,0x0
,0x267,0x0,0x62,0,UseClassCardMug,MinimugDefault,NoAffinity,0x62,0,0,0,0,0,0,0,0,0,NoRank,NoRank,NoRank,NoRank,NoRank,NoRank,NoRank,NoRank,0,0,0,0,0,0,0,0x0,0x0,0x0,0x0,0x0,0x0,0x0,0x0,0x0,NoSupports,0x0,0x0,0x0,0x0
,0x267,0x0,0x63,0,UseClassCardMug,MinimugDefault,NoAffinity,0x63,0,0,0,0,0,0,0,0,0,NoRank,NoRank,NoRank,NoRank,NoRank,NoRank,NoRank,NoRank,0,0,0,0,0,0,0,0x0,0x0,0x0,0x0,0x0,0x0,0x0,0x0,0x0,NoSupports,0x0,0x0,0x0,0x0
,0x267,0x0,0x64,0,UseClassCardMug,MinimugDefault,NoAffinity,0x64,0,0,0,0,0,0,0,0,0,NoRank,NoRank,NoRank,NoRank,NoRank,NoRank,NoRank,NoRank,0,0,0,0,0,0,0,0x0,0x0,0x0,0x0,0x0,0x0,0x0,0x0,0x0,NoSupports,0x0,0x0,0x0,0x0
,0x267,0x0,0x65,0,UseClassCardMug,MinimugDefault,NoAffinity,0x65,0,0,0,0,0,0,0,0,0,NoRank,NoRank,NoRank,NoRank,NoRank,NoRank,NoRank,NoRank,0,0,0,0,0,0,0,0x0,0x0,0x0,0x0,0x0,0x0,0x0,0x0,0x0,NoSupports,0x0,0x0,0x0,0x0
,0x267,0x0,0x66,0,UseClassCardMug,MinimugDefault,NoAffinity,0x66,0,0,0,0,0,0,0,0,0,NoRank,NoRank,NoRank,NoRank,NoRank,NoRank,NoRank,NoRank,0,0,0,0,0,0,0,0x0,0x0,0x0,0x0,0x0,0x0,0x0,0x0,0x0,NoSupports,0x0,0x0,0x0,0x0
,0x267,0x0,0x67,0,UseClassCardMug,MinimugDefault,NoAffinity,0x67,0,0,0,0,0,0,0,0,0,NoRank,NoRank,NoRank,NoRank,NoRank,NoRank,NoRank,NoRank,0,0,0,0,0,0,0,0x0,0x0,0x0,0x0,0x0,0x0,0x0,0x0,0x0,NoSupports,0x0,0x0,0x0,0x0
,0x267,0x0,0x68,0,UseClassCardMug,MinimugDefault,NoAffinity,0x68,0,0,0,0,0,0,0,0,0,NoRank,NoRank,NoRank,NoRank,NoRank,NoRank,NoRank,NoRank,0,0,0,0,0,0,0,0x0,0x0,0x0,0x0,0x0,0x0,0x0,0x0,0x0,NoSupports,0x0,0x0,0x0,0x0
,0x267,0x0,0x69,0,UseClassCardMug,MinimugDefault,NoAffinity,0x69,0,0,0,0,0,0,0,0,0,NoRank,NoRank,NoRank,NoRank,NoRank,NoRank,NoRank,NoRank,0,0,0,0,0,0,0,0x0,0x0,0x0,0x0,0x0,0x0,0x0,0x0,0x0,NoSupports,0x0,0x0,0x0,0x0
,0x267,0x0,0x6a,0,UseClassCardMug,MinimugDefault,NoAffinity,0x6a,0,0,0,0,0,0,0,0,0,NoRank,NoRank,NoRank,NoRank,NoRank,NoRank,NoRank,NoRank,0,0,0,0,0,0,0,0x0,0x0,0x0,0x0,0x0,0x0,0x0,0x0,0x0,NoSupports,0x0,0x0,0x0,0x0
,0x267,0x0,0x6b,0,UseClassCardMug,MinimugDefault,NoAffinity,0x6b,0,0,0,0,0,0,0,0,0,NoRank,NoRank,NoRank,NoRank,NoRank,NoRank,NoRank,NoRank,0,0,0,0,0,0,0,0x0,0x0,0x0,0x0,0x0,0x0,0x0,0x0,0x0,NoSupports,0x0,0x0,0x0,0x0
,0x267,0x0,0x6c,0,UseClassCardMug,MinimugDefault,NoAffinity,0x6c,0,0,0,0,0,0,0,0,0,NoRank,NoRank,NoRank,NoRank,NoRank,NoRank,NoRank,NoRank,0,0,0,0,0,0,0,0x0,0x0,0x0,0x0,0x0,0x0,0x0,0x0,0x0,NoSupports,0x0,0x0,0x0,0x0
,0x267,0x0,0x6d,0,UseClassCardMug,MinimugDefault,NoAffinity,0x6d,0,0,0,0,0,0,0,0,0,NoRank,NoRank,NoRank,NoRank,NoRank,NoRank,NoRank,NoRank,0,0,0,0,0,0,0,0x0,0x0,0x0,0x0,0x0,0x0,0x0,0x0,0x0,NoSupports,0x0,0x0,0x0,0x0
,0x267,0x0,0x6e,0,UseClassCardMug,MinimugDefault,NoAffinity,0x6e,0,0,0,0,0,0,0,0,0,NoRank,NoRank,NoRank,NoRank,NoRank,NoRank,NoRank,NoRank,0,0,0,0,0,0,0,0x0,0x0,0x0,0x0,0x0,0x0,0x0,0x0,0x0,NoSupports,0x0,0x0,0x0,0x0
,0x267,0x0,0x6f,0,UseClassCardMug,MinimugDefault,NoAffinity,0x6f,0,0,0,0,0,0,0,0,0,NoRank,NoRank,NoRank,NoRank,NoRank,NoRank,NoRank,NoRank,0,0,0,0,0,0,0,0x0,0x0,0x0,0x0,0x0,0x0,0x0,0x0,0x0,NoSupports,0x0,0x0,0x0,0x0
START OF GENERICS – Daein,DaeinName,DaeinDesc,0x70,Soldier,DaeinSolderMug,MinimugSoldierRed,NoAffinity,0x70,0,0,0,0,0,0,0,0,0,NoRank,NoRank,NoRank,NoRank,NoRank,NoRank,NoRank,NoRank,0,0,0,0,0,0,0,0x0,0x0,0x0,0x0,0x0,0x0,0x0,0x0,0x0,NoSupports,0x0,0x0,0x0,0x0
,0x267,0x0,0x71,0,UseClassCardMug,MinimugDefault,NoAffinity,0x71,0,0,0,0,0,0,0,0,0,NoRank,NoRank,NoRank,NoRank,NoRank,NoRank,NoRank,NoRank,0,0,0,0,0,0,0,0x0,0x0,0x0,0x0,0x0,0x0,0x0,0x0,0x0,NoSupports,0x0,0x0,0x0,0x0
,0x267,0x0,0x72,0,UseClassCardMug,MinimugDefault,NoAffinity,0x72,0,0,0,0,0,0,0,0,0,NoRank,NoRank,NoRank,NoRank,NoRank,NoRank,NoRank,NoRank,0,0,0,0,0,0,0,0x0,0x0,0x0,0x0,0x0,0x0,0x0,0x0,0x0,NoSupports,0x0,0x0,0x0,0x0
,0x267,0x0,0x73,0,UseClassCardMug,MinimugDefault,NoAffinity,0x73,0,0,0,0,0,0,0,0,0,NoRank,NoRank,NoRank,NoRank,NoRank,NoRank,NoRank,NoRank,0,0,0,0,0,0,0,0x0,0x0,0x0,0x0,0x0,0x0,0x0,0x0,0x0,NoSupports,0x0,0x0,0x0,0x0
,0x267,0x0,0x74,0,UseClassCardMug,MinimugDefault,NoAffinity,0x74,0,0,0,0,0,0,0,0,0,NoRank,NoRank,NoRank,NoRank,NoRank,NoRank,NoRank,NoRank,0,0,0,0,0,0,0,0x0,0x0,0x0,0x0,0x0,0x0,0x0,0x0,0x0,NoSupports,0x0,0x0,0x0,0x0
,0x267,0x0,0x75,0,UseClassCardMug,MinimugDefault,NoAffinity,0x75,0,0,0,0,0,0,0,0,0,NoRank,NoRank,NoRank,NoRank,NoRank,NoRank,NoRank,NoRank,0,0,0,0,0,0,0,0x0,0x0,0x0,0x0,0x0,0x0,0x0,0x0,0x0,NoSupports,0x0,0x0,0x0,0x0
,0x267,0x0,0x76,0,UseClassCardMug,MinimugDefault,NoAffinity,0x76,0,0,0,0,0,0,0,0,0,NoRank,NoRank,NoRank,NoRank,NoRank,NoRank,NoRank,NoRank,0,0,0,0,0,0,0,0x0,0x0,0x0,0x0,0x0,0x0,0x0,0x0,0x0,NoSupports,0x0,0x0,0x0,0x0
,0x267,0x0,0x77,0,UseClassCardMug,MinimugDefault,NoAffinity,0x77,0,0,0,0,0,0,0,0,0,NoRank,NoRank,NoRank,NoRank,NoRank,NoRank,NoRank,NoRank,0,0,0,0,0,0,0,0x0,0x0,0x0,0x0,0x0,0x0,0x0,0x0,0x0,NoSupports,0x0,0x0,0x0,0x0
,0x267,0x0,0x78,0,UseClassCardMug,MinimugDefault,NoAffinity,0x78,0,0,0,0,0,0,0,0,0,NoRank,NoRank,NoRank,NoRank,NoRank,NoRank,NoRank,NoRank,0,0,0,0,0,0,0,0x0,0x0,0x0,0x0,0x0,0x0,0x0,0x0,0x0,NoSupports,0x0,0x0,0x0,0x0
,0x267,0x0,0x79,0,UseClassCardMug,MinimugDefault,NoAffinity,0x79,0,0,0,0,0,0,0,0,0,NoRank,NoRank,NoRank,NoRank,NoRank,NoRank,NoRank,NoRank,0,0,0,0,0,0,0,0x0,0x0,0x0,0x0,0x0,0x0,0x0,0x0,0x0,NoSupports,0x0,0x0,0x0,0x0
,0x267,0x0,0x7a,0,UseClassCardMug,MinimugDefault,NoAffinity,0x7a,0,0,0,0,0,0,0,0,0,NoRank,NoRank,NoRank,NoRank,NoRank,NoRank,NoRank,NoRank,0,0,0,0,0,0,0,0x0,0x0,0x0,0x0,0x0,0x0,0x0,0x0,0x0,NoSupports,0x0,0x0,0x0,0x0
,0x267,0x0,0x7b,0,UseClassCardMug,MinimugDefault,NoAffinity,0x7b,0,0,0,0,0,0,0,0,0,NoRank,NoRank,NoRank,NoRank,NoRank,NoRank,NoRank,NoRank,0,0,0,0,0,0,0,0x0,0x0,0x0,0x0,0x0,0x0,0x0,0x0,0x0,NoSupports,0x0,0x0,0x0,0x0
,0x267,0x0,0x7c,0,UseClassCardMug,MinimugDefault,NoAffinity,0x7c,0,0,0,0,0,0,0,0,0,NoRank,NoRank,NoRank,NoRank,NoRank,NoRank,NoRank,NoRank,0,0,0,0,0,0,0,0x0,0x0,0x0,0x0,0x0,0x0,0x0,0x0,0x0,NoSupports,0x0,0x0,0x0,0x0
,0x267,0x0,0x7d,0,UseClassCardMug,MinimugDefault,NoAffinity,0x7d,0,0,0,0,0,0,0,0,0,NoRank,NoRank,NoRank,NoRank,NoRank,NoRank,NoRank,NoRank,0,0,0,0,0,0,0,0x0,0x0,0x0,0x0,0x0,0x0,0x0,0x0,0x0,NoSupports,0x0,0x0,0x0,0x0
,0x267,0x0,0x7e,0,UseClassCardMug,MinimugDefault,NoAffinity,0x7e,0,0,0,0,0,0,0,0,0,NoRank,NoRank,NoRank,NoRank,NoRank,NoRank,NoRank,NoRank,0,0,0,0,0,0,0,0x0,0x0,0x0,0x0,0x0,0x0,0x0,0x0,0x0,NoSupports,0x0,0x0,0x0,0x0
,0x267,0x0,0x7f,0,UseClassCardMug,MinimugDefault,NoAffinity,0x7f,0,0,0,0,0,0,0,0,0,NoRank,NoRank,NoRank,NoRank,NoRank,NoRank,NoRank,NoRank,0,0,0,0,0,0,0,0x0,0x0,0x0,0x0,0x0,0x0,0x0,0x0,0x0,NoSupports,0x0,0x0,0x0,0x0
,0x267,0x0,0x80,0,UseClassCardMug,MinimugDefault,NoAffinity,0x80,0,0,0,0,0,0,0,0,0,NoRank,NoRank,NoRank,NoRank,NoRank,NoRank,NoRank,NoRank,0,0,0,0,0,0,0,0x0,0x0,0x0,0x0,0x0,0x0,0x0,0x0,0x0,NoSupports,0x0,0x0,0x0,0x0
,0x267,0x0,0x81,0,UseClassCardMug,MinimugDefault,NoAffinity,0x81,0,0,0,0,0,0,0,0,0,NoRank,NoRank,NoRank,NoRank,NoRank,NoRank,NoRank,NoRank,0,0,0,0,0,0,0,0x0,0x0,0x0,0x0,0x0,0x0,0x0,0x0,0x0,NoSupports,0x0,0x0,0x0,0x0
,0x267,0x0,0x82,0,UseClassCardMug,MinimugDefault,NoAffinity,0x82,0,0,0,0,0,0,0,0,0,NoRank,NoRank,NoRank,NoRank,NoRank,NoRank,NoRank,NoRank,0,0,0,0,0,0,0,0x0,0x0,0x0,0x0,0x0,0x0,0x0,0x0,0x0,NoSupports,0x0,0x0,0x0,0x0
,0x267,0x0,0x83,0,UseClassCardMug,MinimugDefault,NoAffinity,0x83,0,0,0,0,0,0,0,0,0,NoRank,NoRank,NoRank,NoRank,NoRank,NoRank,NoRank,NoRank,0,0,0,0,0,0,0,0x0,0x0,0x0,0x0,0x0,0x0,0x0,0x0,0x0,NoSupports,0x0,0x0,0x0,0x0
,0x267,0x0,0x84,0,UseClassCardMug,MinimugDefault,NoAffinity,0x84,0,0,0,0,0,0,0,0,0,NoRank,NoRank,NoRank,NoRank,NoRank,NoRank,NoRank,NoRank,0,0,0,0,0,0,0,0x0,0x0,0x0,0x0,0x0,0x0,0x0,0x0,0x0,NoSupports,0x0,0x0,0x0,0x0
,0x267,0x0,0x85,0,UseClassCardMug,MinimugDefault,NoAffinity,0x85,0,0,0,0,0,0,0,0,0,NoRank,NoRank,NoRank,NoRank,NoRank,NoRank,NoRank,NoRank,0,0,0,0,0,0,0,0x0,0x0,0x0,0x0,0x0,0x0,0x0,0x0,0x0,NoSupports,0x0,0x0,0x0,0x0
,0x267,0x0,0x86,0,UseClassCardMug,MinimugDefault,NoAffinity,0x86,0,0,0,0,0,0,0,0,0,NoRank,NoRank,NoRank,NoRank,NoRank,NoRank,NoRank,NoRank,0,0,0,0,0,0,0,0x0,0x0,0x0,0x0,0x0,0x0,0x0,0x0,0x0,NoSupports,0x0,0x0,0x0,0x0
,0x267,0x0,0x87,0,UseClassCardMug,MinimugDefault,NoAffinity,0x87,0,0,0,0,0,0,0,0,0,NoRank,NoRank,NoRank,NoRank,NoRank,NoRank,NoRank,NoRank,0,0,0,0,0,0,0,0x0,0x0,0x0,0x0,0x0,0x0,0x0,0x0,0x0,NoSupports,0x0,0x0,0x0,0x0
,0x267,0x0,0x88,0,UseClassCardMug,MinimugDefault,NoAffinity,0x88,0,0,0,0,0,0,0,0,0,NoRank,NoRank,NoRank,NoRank,NoRank,NoRank,NoRank,NoRank,0,0,0,0,0,0,0,0x0,0x0,0x0,0x0,0x0,0x0,0x0,0x0,0x0,NoSupports,0x0,0x0,0x0,0x0
,0x267,0x0,0x89,0,UseClassCardMug,MinimugDefault,NoAffinity,0x89,0,0,0,0,0,0,0,0,0,NoRank,NoRank,NoRank,NoRank,NoRank,NoRank,NoRank,NoRank,0,0,0,0,0,0,0,0x0,0x0,0x0,0x0,0x0,0x0,0x0,0x0,0x0,NoSupports,0x0,0x0,0x0,0x0
,0x267,0x0,0x8a,0,UseClassCardMug,MinimugDefault,NoAffinity,0x8a,0,0,0,0,0,0,0,0,0,NoRank,NoRank,NoRank,NoRank,NoRank,NoRank,NoRank,NoRank,0,0,0,0,0,0,0,0x0,0x0,0x0,0x0,0x0,0x0,0x0,0x0,0x0,NoSupports,0x0,0x0,0x0,0x0
,0x267,0x0,0x8b,0,UseClassCardMug,MinimugDefault,NoAffinity,0x8b,0,0,0,0,0,0,0,0,0,NoRank,NoRank,NoRank,NoRank,NoRank,NoRank,NoRank,NoRank,0,0,0,0,0,0,0,0x0,0x0,0x0,0x0,0x0,0x0,0x0,0x0,0x0,NoSupports,0x0,0x0,0x0,0x0
,0x267,0x0,0x8c,0,UseClassCardMug,MinimugDefault,NoAffinity,0x8c,0,0,0,0,0,0,0,0,0,NoRank,NoRank,NoRank,NoRank,NoRank,NoRank,NoRank,NoRank,0,0,0,0,0,0,0,0x0,0x0,0x0,0x0,0x0,0x0,0x0,0x0,0x0,NoSupports,0x0,0x0,0x0,0x0
,0x267,0x0,0x8d,0,UseClassCardMug,MinimugDefault,NoAffinity,0x8d,0,0,0,0,0,0,0,0,0,NoRank,NoRank,NoRank,NoRank,NoRank,NoRank,NoRank,NoRank,0,0,0,0,0,0,0,0x0,0x0,0x0,0x0,0x0,0x0,0x0,0x0,0x0,NoSupports,0x0,0x0,0x0,0x0
,0x267,0x0,0x8e,0,UseClassCardMug,MinimugDefault,NoAffinity,0x8e,0,0,0,0,0,0,0,0,0,NoRank,NoRank,NoRank,NoRank,NoRank,NoRank,NoRank,NoRank,0,0,0,0,0,0,0,0x0,0x0,0x0,0x0,0x0,0x0,0x0,0x0,0x0,NoSupports,0x0,0x0,0x0,0x0
,0x267,0x0,0x8f,0,UseClassCardMug,MinimugDefault,NoAffinity,0x8f,0,0,0,0,0,0,0,0,0,NoRank,NoRank,NoRank,NoRank,NoRank,NoRank,NoRank,NoRank,0,0,0,0,0,0,0,0x0,0x0,0x0,0x0,0x0,0x0,0x0,0x0,0x0,NoSupports,0x0,0x0,0x0,0x0
,0x267,0x0,0x90,0,UseClassCardMug,MinimugDefault,NoAffinity,0x90,0,0,0,0,0,0,0,0,0,NoRank,NoRank,NoRank,NoRank,NoRank,NoRank,NoRank,NoRank,0,0,0,0,0,0,0,0x0,0x0,0x0,0x0,0x0,0x0,0x0,0x0,0x0,NoSupports,0x0,0x0,0x0,0x0
,0x267,0x0,0x91,0,UseClassCardMug,MinimugDefault,NoAffinity,0x91,0,0,0,0,0,0,0,0,0,NoRank,NoRank,NoRank,NoRank,NoRank,NoRank,NoRank,NoRank,0,0,0,0,0,0,0,0x0,0x0,0x0,0x0,0x0,0x0,0x0,0x0,0x0,NoSupports,0x0,0x0,0x0,0x0
,0x267,0x0,0x92,0,UseClassCardMug,MinimugDefault,NoAffinity,0x92,0,0,0,0,0,0,0,0,0,NoRank,NoRank,NoRank,NoRank,NoRank,NoRank,NoRank,NoRank,0,0,0,0,0,0,0,0x0,0x0,0x0,0x0,0x0,0x0,0x0,0x0,0x0,NoSupports,0x0,0x0,0x0,0x0
,0x267,0x0,0x93,0,UseClassCardMug,MinimugDefault,NoAffinity,0x93,0,0,0,0,0,0,0,0,0,NoRank,NoRank,NoRank,NoRank,NoRank,NoRank,NoRank,NoRank,0,0,0,0,0,0,0,0x0,0x0,0x0,0x0,0x0,0x0,0x0,0x0,0x0,NoSupports,0x0,0x0,0x0,0x0
,0x267,0x0,0x94,0,UseClassCardMug,MinimugDefault,NoAffinity,0x94,0,0,0,0,0,0,0,0,0,NoRank,NoRank,NoRank,NoRank,NoRank,NoRank,NoRank,NoRank,0,0,0,0,0,0,0,0x0,0x0,0x0,0x0,0x0,0x0,0x0,0x0,0x0,NoSupports,0x0,0x0,0x0,0x0
,0x267,0x0,0x95,0,UseClassCardMug,MinimugDefault,NoAffinity,0x95,0,0,0,0,0,0,0,0,0,NoRank,NoRank,NoRank,NoRank,NoRank,NoRank,NoRank,NoRank,0,0,0,0,0,0,0,0x0,0x0,0x0,0x0,0x0,0x0,0x0,0x0,0x0,NoSupports,0x0,0x0,0x0,0x0
,0x267,0x0,0x96,0,UseClassCardMug,MinimugDefault,NoAffinity,0x96,0,0,0,0,0,0,0,0,0,NoRank,NoRank,NoRank,NoRank,NoRank,NoRank,NoRank,NoRank,0,0,0,0,0,0,0,0x0,0x0,0x0,0x0,0x0,0x0,0x0,0x0,0x0,NoSupports,0x0,0x0,0x0,0x0
,0x267,0x0,0x97,0,UseClassCardMug,MinimugDefault,NoAffinity,0x97,0,0,0,0,0,0,0,0,0,NoRank,NoRank,NoRank,NoRank,NoRank,NoRank,NoRank,NoRank,0,0,0,0,0,0,0,0x0,0x0,0x0,0x0,0x0,0x0,0x0,0x0,0x0,NoSupports,0x0,0x0,0x0,0x0
,0x267,0x0,0x98,0,UseClassCardMug,MinimugDefault,NoAffinity,0x98,0,0,0,0,0,0,0,0,0,NoRank,NoRank,NoRank,NoRank,NoRank,NoRank,NoRank,NoRank,0,0,0,0,0,0,0,0x0,0x0,0x0,0x0,0x0,0x0,0x0,0x0,0x0,NoSupports,0x0,0x0,0x0,0x0
,0x267,0x0,0x99,0,UseClassCardMug,MinimugDefault,NoAffinity,0x99,0,0,0,0,0,0,0,0,0,NoRank,NoRank,NoRank,NoRank,NoRank,NoRank,NoRank,NoRank,0,0,0,0,0,0,0,0x0,0x0,0x0,0x0,0x0,0x0,0x0,0x0,0x0,NoSupports,0x0,0x0,0x0,0x0
,0x267,0x0,0x9a,0,UseClassCardMug,MinimugDefault,NoAffinity,0x9a,0,0,0,0,0,0,0,0,0,NoRank,NoRank,NoRank,NoRank,NoRank,NoRank,NoRank,NoRank,0,0,0,0,0,0,0,0x0,0x0,0x0,0x0,0x0,0x0,0x0,0x0,0x0,NoSupports,0x0,0x0,0x0,0x0
,0x267,0x0,0x9b,0,UseClassCardMug,MinimugDefault,NoAffinity,0x9b,0,0,0,0,0,0,0,0,0,NoRank,NoRank,NoRank,NoRank,NoRank,NoRank,NoRank,NoRank,0,0,0,0,0,0,0,0x0,0x0,0x0,0x0,0x0,0x0,0x0,0x0,0x0,NoSupports,0x0,0x0,0x0,0x0
,0x267,0x0,0x9c,0,UseClassCardMug,MinimugDefault,NoAffinity,0x9c,0,0,0,0,0,0,0,0,0,NoRank,NoRank,NoRank,NoRank,NoRank,NoRank,NoRank,NoRank,0,0,0,0,0,0,0,0x0,0x0,0x0,0x0,0x0,0x0,0x0,0x0,0x0,NoSupports,0x0,0x0,0x0,0x0
,0x267,0x0,0x9d,0,UseClassCardMug,MinimugDefault,NoAffinity,0x9d,0,0,0,0,0,0,0,0,0,NoRank,NoRank,NoRank,NoRank,NoRank,NoRank,NoRank,NoRank,0,0,0,0,0,0,0,0x0,0x0,0x0,0x0,0x0,0x0,0x0,0x0,0x0,NoSupports,0x0,0x0,0x0,0x0
,0x267,0x0,0x9e,0,UseClassCardMug,MinimugDefault,NoAffinity,0x9e,0,0,0,0,0,0,0,0,0,NoRank,NoRank,NoRank,NoRank,NoRank,NoRank,NoRank,NoRank,0,0,0,0,0,0,0,0x0,0x0,0x0,0x0,0x0,0x0,0x0,0x0,0x0,NoSupports,0x0,0x0,0x0,0x0
,0x267,0x0,0x9f,0,UseClassCardMug,MinimugDefault,NoAffinity,0x9f,0,0,0,0,0,0,0,0,0,NoRank,NoRank,NoRank,NoRank,NoRank,NoRank,NoRank,NoRank,0,0,0,0,0,0,0,0x0,0x0,0x0,0x0,0x0,0x0,0x0,0x0,0x0,NoSupports,0x0,0x0,0x0,0x0
,0x267,0x0,0xa0,0,UseClassCardMug,MinimugDefault,NoAffinity,0xa0,0,0,0,0,0,0,0,0,0,NoRank,NoRank,NoRank,NoRank,NoRank,NoRank,NoRank,NoRank,0,0,0,0,0,0,0,0x0,0x0,0x0,0x0,0x0,0x0,0x0,0x0,0x0,NoSupports,0x0,0x0,0x0,0x0
,0x267,0x0,0xa1,0,UseClassCardMug,MinimugDefault,NoAffinity,0xa1,0,0,0,0,0,0,0,0,0,NoRank,NoRank,NoRank,NoRank,NoRank,NoRank,NoRank,NoRank,0,0,0,0,0,0,0,0x0,0x0,0x0,0x0,0x0,0x0,0x0,0x0,0x0,NoSupports,0x0,0x0,0x0,0x0
,0x267,0x0,0xa2,0,UseClassCardMug,MinimugDefault,NoAffinity,0xa2,0,0,0,0,0,0,0,0,0,NoRank,NoRank,NoRank,NoRank,NoRank,NoRank,NoRank,NoRank,0,0,0,0,0,0,0,0x0,0x0,0x0,0x0,0x0,0x0,0x0,0x0,0x0,NoSupports,0x0,0x0,0x0,0x0
,0x267,0x0,0xa3,0,UseClassCardMug,MinimugDefault,NoAffinity,0xa3,0,0,0,0,0,0,0,0,0,NoRank,NoRank,NoRank,NoRank,NoRank,NoRank,NoRank,NoRank,0,0,0,0,0,0,0,0x0,0x0,0x0,0x0,0x0,0x0,0x0,0x0,0x0,NoSupports,0x0,0x0,0x0,0x0
,0x267,0x0,0xa4,0,UseClassCardMug,MinimugDefault,NoAffinity,0xa4,0,0,0,0,0,0,0,0,0,NoRank,NoRank,NoRank,NoRank,NoRank,NoRank,NoRank,NoRank,0,0,0,0,0,0,0,0x0,0x0,0x0,0x0,0x0,0x0,0x0,0x0,0x0,NoSupports,0x0,0x0,0x0,0x0
,0x267,0x0,0xa5,0,UseClassCardMug,MinimugDefault,NoAffinity,0xa5,0,0,0,0,0,0,0,0,0,NoRank,NoRank,NoRank,NoRank,NoRank,NoRank,NoRank,NoRank,0,0,0,0,0,0,0,0x0,0x0,0x0,0x0,0x0,0x0,0x0,0x0,0x0,NoSupports,0x0,0x0,0x0,0x0
,0x267,0x0,0xa6,0,UseClassCardMug,MinimugDefault,NoAffinity,0xa6,0,0,0,0,0,0,0,0,0,NoRank,NoRank,NoRank,NoRank,NoRank,NoRank,NoRank,NoRank,0,0,0,0,0,0,0,0x0,0x0,0x0,0x0,0x0,0x0,0x0,0x0,0x0,NoSupports,0x0,0x0,0x0,0x0
,0x267,0x0,0xa7,0,UseClassCardMug,MinimugDefault,NoAffinity,0xa7,0,0,0,0,0,0,0,0,0,NoRank,NoRank,NoRank,NoRank,NoRank,NoRank,NoRank,NoRank,0,0,0,0,0,0,0,0x0,0x0,0x0,0x0,0x0,0x0,0x0,0x0,0x0,NoSupports,0x0,0x0,0x0,0x0
,0x267,0x0,0xa8,0,UseClassCardMug,MinimugDefault,NoAffinity,0xa8,0,0,0,0,0,0,0,0,0,NoRank,NoRank,NoRank,NoRank,NoRank,NoRank,NoRank,NoRank,0,0,0,0,0,0,0,0x0,0x0,0x0,0x0,0x0,0x0,0x0,0x0,0x0,NoSupports,0x0,0x0,0x0,0x0
,0x267,0x0,0xa9,0,UseClassCardMug,MinimugDefault,NoAffinity,0xa9,0,0,0,0,0,0,0,0,0,NoRank,NoRank,NoRank,NoRank,NoRank,NoRank,NoRank,NoRank,0,0,0,0,0,0,0,0x0,0x0,0x0,0x0,0x0,0x0,0x0,0x0,0x0,NoSupports,0x0,0x0,0x0,0x0
,0x267,0x0,0xaa,0,UseClassCardMug,MinimugDefault,NoAffinity,0xaa,0,0,0,0,0,0,0,0,0,NoRank,NoRank,NoRank,NoRank,NoRank,NoRank,NoRank,NoRank,0,0,0,0,0,0,0,0x0,0x0,0x0,0x0,0x0,0x0,0x0,0x0,0x0,NoSupports,0x0,0x0,0x0,0x0
,0x267,0x0,0xab,0,UseClassCardMug,MinimugDefault,NoAffinity,0xab,0,0,0,0,0,0,0,0,0,NoRank,NoRank,NoRank,NoRank,NoRank,NoRank,NoRank,NoRank,0,0,0,0,0,0,0,0x0,0x0,0x0,0x0,0x0,0x0,0x0,0x0,0x0,NoSupports,0x0,0x0,0x0,0x0
,0x267,0x0,0xac,0,UseClassCardMug,MinimugDefault,NoAffinity,0xac,0,0,0,0,0,0,0,0,0,NoRank,NoRank,NoRank,NoRank,NoRank,NoRank,NoRank,NoRank,0,0,0,0,0,0,0,0x0,0x0,0x0,0x0,0x0,0x0,0x0,0x0,0x0,NoSupports,0x0,0x0,0x0,0x0
,0x267,0x0,0xad,0,UseClassCardMug,MinimugDefault,NoAffinity,0xad,0,0,0,0,0,0,0,0,0,NoRank,NoRank,NoRank,NoRank,NoRank,NoRank,NoRank,NoRank,0,0,0,0,0,0,0,0x0,0x0,0x0,0x0,0x0,0x0,0x0,0x0,0x0,NoSupports,0x0,0x0,0x0,0x0
,0x267,0x0,0xae,0,UseClassCardMug,MinimugDefault,NoAffinity,0xae,0,0,0,0,0,0,0,0,0,NoRank,NoRank,NoRank,NoRank,NoRank,NoRank,NoRank,NoRank,0,0,0,0,0,0,0,0x0,0x0,0x0,0x0,0x0,0x0,0x0,0x0,0x0,NoSupports,0x0,0x0,0x0,0x0
,0x267,0x0,0xaf,0,UseClassCardMug,MinimugDefault,NoAffinity,0xaf,0,0,0,0,0,0,0,0,0,NoRank,NoRank,NoRank,NoRank,NoRank,NoRank,NoRank,NoRank,0,0,0,0,0,0,0,0x0,0x0,0x0,0x0,0x0,0x0,0x0,0x0,0x0,NoSupports,0x0,0x0,0x0,0x0
,0x267,0x0,0xb0,0,UseClassCardMug,MinimugDefault,NoAffinity,0xb0,0,0,0,0,0,0,0,0,0,NoRank,NoRank,NoRank,NoRank,NoRank,NoRank,NoRank,NoRank,0,0,0,0,0,0,0,0x0,0x0,0x0,0x0,0x0,0x0,0x0,0x0,0x0,NoSupports,0x0,0x0,0x0,0x0
,0x267,0x0,0xb1,0,UseClassCardMug,MinimugDefault,NoAffinity,0xb1,0,0,0,0,0,0,0,0,0,NoRank,NoRank,NoRank,NoRank,NoRank,NoRank,NoRank,NoRank,0,0,0,0,0,0,0,0x0,0x0,0x0,0x0,0x0,0x0,0x0,0x0,0x0,NoSupports,0x0,0x0,0x0,0x0
,0x267,0x0,0xb2,0,UseClassCardMug,MinimugDefault,NoAffinity,0xb2,0,0,0,0,0,0,0,0,0,NoRank,NoRank,NoRank,NoRank,NoRank,NoRank,NoRank,NoRank,0,0,0,0,0,0,0,0x0,0x0,0x0,0x0,0x0,0x0,0x0,0x0,0x0,NoSupports,0x0,0x0,0x0,0x0
,0x267,0x0,0xb3,0,UseClassCardMug,MinimugDefault,NoAffinity,0xb3,0,0,0,0,0,0,0,0,0,NoRank,NoRank,NoRank,NoRank,NoRank,NoRank,NoRank,NoRank,0,0,0,0,0,0,0,0x0,0x0,0x0,0x0,0x0,0x0,0x0,0x0,0x0,NoSupports,0x0,0x0,0x0,0x0
,0x267,0x0,0xb4,0,UseClassCardMug,MinimugDefault,NoAffinity,0xb4,0,0,0,0,0,0,0,0,0,NoRank,NoRank,NoRank,NoRank,NoRank,NoRank,NoRank,NoRank,0,0,0,0,0,0,0,0x0,0x0,0x0,0x0,0x0,0x0,0x0,0x0,0x0,NoSupports,0x0,0x0,0x0,0x0
,0x267,0x0,0xb5,0,UseClassCardMug,MinimugDefault,NoAffinity,0xb5,0,0,0,0,0,0,0,0,0,NoRank,NoRank,NoRank,NoRank,NoRank,NoRank,NoRank,NoRank,0,0,0,0,0,0,0,0x0,0x0,0x0,0x0,0x0,0x0,0x0,0x0,0x0,NoSupports,0x0,0x0,0x0,0x0
,0x267,0x0,0xb6,0,UseClassCardMug,MinimugDefault,NoAffinity,0xb6,0,0,0,0,0,0,0,0,0,NoRank,NoRank,NoRank,NoRank,NoRank,NoRank,NoRank,NoRank,0,0,0,0,0,0,0,0x0,0x0,0x0,0x0,0x0,0x0,0x0,0x0,0x0,NoSupports,0x0,0x0,0x0,0x0
,0x267,0x0,0xb7,0,UseClassCardMug,MinimugDefault,NoAffinity,0xb7,0,0,0,0,0,0,0,0,0,NoRank,NoRank,NoRank,NoRank,NoRank,NoRank,NoRank,NoRank,0,0,0,0,0,0,0,0x0,0x0,0x0,0x0,0x0,0x0,0x0,0x0,0x0,NoSupports,0x0,0x0,0x0,0x0
,0x267,0x0,0xb8,0,UseClassCardMug,MinimugDefault,NoAffinity,0xb8,0,0,0,0,0,0,0,0,0,NoRank,NoRank,NoRank,NoRank,NoRank,NoRank,NoRank,NoRank,0,0,0,0,0,0,0,0x0,0x0,0x0,0x0,0x0,0x0,0x0,0x0,0x0,NoSupports,0x0,0x0,0x0,0x0
,0x267,0x0,0xb9,0,UseClassCardMug,MinimugDefault,NoAffinity,0xb9,0,0,0,0,0,0,0,0,0,NoRank,NoRank,NoRank,NoRank,NoRank,NoRank,NoRank,NoRank,0,0,0,0,0,0,0,0x0,0x0,0x0,0x0,0x0,0x0,0x0,0x0,0x0,NoSupports,0x0,0x0,0x0,0x0
,0x267,0x0,0xba,0,UseClassCardMug,MinimugDefault,NoAffinity,0xba,0,0,0,0,0,0,0,0,0,NoRank,NoRank,NoRank,NoRank,NoRank,NoRank,NoRank,NoRank,0,0,0,0,0,0,0,0x0,0x0,0x0,0x0,0x0,0x0,0x0,0x0,0x0,NoSupports,0x0,0x0,0x0,0x0
,0x267,0x0,0xbb,0,UseClassCardMug,MinimugDefault,NoAffinity,0xbb,0,0,0,0,0,0,0,0,0,NoRank,NoRank,NoRank,NoRank,NoRank,NoRank,NoRank,NoRank,0,0,0,0,0,0,0,0x0,0x0,0x0,0x0,0x0,0x0,0x0,0x0,0x0,NoSupports,0x0,0x0,0x0,0x0
,0x267,0x0,0xbc,0,UseClassCardMug,MinimugDefault,NoAffinity,0xbc,0,0,0,0,0,0,0,0,0,NoRank,NoRank,NoRank,NoRank,NoRank,NoRank,NoRank,NoRank,0,0,0,0,0,0,0,0x0,0x0,0x0,0x0,0x0,0x0,0x0,0x0,0x0,NoSupports,0x0,0x0,0x0,0x0
,0x267,0x0,0xbd,0,UseClassCardMug,MinimugDefault,NoAffinity,0xbd,0,0,0,0,0,0,0,0,0,NoRank,NoRank,NoRank,NoRank,NoRank,NoRank,NoRank,NoRank,0,0,0,0,0,0,0,0x0,0x0,0x0,0x0,0x0,0x0,0x0,0x0,0x0,NoSupports,0x0,0x0,0x0,0x0
,0x267,0x0,0xbe,0,UseClassCardMug,MinimugDefault,NoAffinity,0xbe,0,0,0,0,0,0,0,0,0,NoRank,NoRank,NoRank,NoRank,NoRank,NoRank,NoRank,NoRank,0,0,0,0,0,0,0,0x0,0x0,0x0,0x0,0x0,0x0,0x0,0x0,0x0,NoSupports,0x0,0x0,0x0,0x0
,0x267,0x0,0xbf,0,UseClassCardMug,MinimugDefault,NoAffinity,0xbf,0,0,0,0,0,0,0,0,0,NoRank,NoRank,NoRank,NoRank,NoRank,NoRank,NoRank,NoRank,0,0,0,0,0,0,0,0x0,0x0,0x0,0x0,0x0,0x0,0x0,0x0,0x0,NoSupports,0x0,0x0,0x0,0x0
,0x267,0x0,0xc0,0,UseClassCardMug,MinimugDefault,NoAffinity,0xc0,0,0,0,0,0,0,0,0,0,NoRank,NoRank,NoRank,NoRank,NoRank,NoRank,NoRank,NoRank,0,0,0,0,0,0,0,0x0,0x0,0x0,0x0,0x0,0x0,0x0,0x0,0x0,NoSupports,0x0,0x0,0x0,0x0
,0x267,0x0,0xc1,0,UseClassCardMug,MinimugDefault,NoAffinity,0xc1,0,0,0,0,0,0,0,0,0,NoRank,NoRank,NoRank,NoRank,NoRank,NoRank,NoRank,NoRank,0,0,0,0,0,0,0,0x0,0x0,0x0,0x0,0x0,0x0,0x0,0x0,0x0,NoSupports,0x0,0x0,0x0,0x0
,0x267,0x0,0xc2,0,UseClassCardMug,MinimugDefault,NoAffinity,0xc2,0,0,0,0,0,0,0,0,0,NoRank,NoRank,NoRank,NoRank,NoRank,NoRank,NoRank,NoRank,0,0,0,0,0,0,0,0x0,0x0,0x0,0x0,0x0,0x0,0x0,0x0,0x0,NoSupports,0x0,0x0,0x0,0x0
,0x267,0x0,0xc3,0,UseClassCardMug,MinimugDefault,NoAffinity,0xc3,0,0,0,0,0,0,0,0,0,NoRank,NoRank,NoRank,NoRank,NoRank,NoRank,NoRank,NoRank,0,0,0,0,0,0,0,0x0,0x0,0x0,0x0,0x0,0x0,0x0,0x0,0x0,NoSupports,0x0,0x0,0x0,0x0
,0x267,0x0,0xc4,0,UseClassCardMug,MinimugDefault,NoAffinity,0xc4,0,0,0,0,0,0,0,0,0,NoRank,NoRank,NoRank,NoRank,NoRank,NoRank,NoRank,NoRank,0,0,0,0,0,0,0,0x0,0x0,0x0,0x0,0x0,0x0,0x0,0x0,0x0,NoSupports,0x0,0x0,0x0,0x0
,0x267,0x0,0xc5,0,UseClassCardMug,MinimugDefault,NoAffinity,0xc5,0,0,0,0,0,0,0,0,0,NoRank,NoRank,NoRank,NoRank,NoRank,NoRank,NoRank,NoRank,0,0,0,0,0,0,0,0x0,0x0,0x0,0x0,0x0,0x0,0x0,0x0,0x0,NoSupports,0x0,0x0,0x0,0x0
,0x267,0x0,0xc6,0,UseClassCardMug,MinimugDefault,NoAffinity,0xc6,0,0,0,0,0,0,0,0,0,NoRank,NoRank,NoRank,NoRank,NoRank,NoRank,NoRank,NoRank,0,0,0,0,0,0,0,0x0,0x0,0x0,0x0,0x0,0x0,0x0,0x0,0x0,NoSupports,0x0,0x0,0x0,0x0
,0x267,0x0,0xc7,0,UseClassCardMug,MinimugDefault,NoAffinity,0xc7,0,0,0,0,0,0,0,0,0,NoRank,NoRank,NoRank,NoRank,NoRank,NoRank,NoRank,NoRank,0,0,0,0,0,0,0,0x0,0x0,0x0,0x0,0x0,0x0,0x0,0x0,0x0,NoSupports,0x0,0x0,0x0,0x0
,0x267,0x0,0xc8,0,UseClassCardMug,MinimugDefault,NoAffinity,0xc8,0,0,0,0,0,0,0,0,0,NoRank,NoRank,NoRank,NoRank,NoRank,NoRank,NoRank,NoRank,0,0,0,0,0,0,0,0x0,0x0,0x0,0x0,0x0,0x0,0x0,0x0,0x0,NoSupports,0x0,0x0,0x0,0x0
,0x267,0x0,0xc9,0,UseClassCardMug,MinimugDefault,NoAffinity,0xc9,0,0,0,0,0,0,0,0,0,NoRank,NoRank,NoRank,NoRank,NoRank,NoRank,NoRank,NoRank,0,0,0,0,0,0,0,0x0,0x0,0x0,0x0,0x0,0x0,0x0,0x0,0x0,NoSupports,0x0,0x0,0x0,0x0
,0x267,0x0,0xca,0,UseClassCardMug,MinimugDefault,NoAffinity,0xca,0,0,0,0,0,0,0,0,0,NoRank,NoRank,NoRank,NoRank,NoRank,NoRank,NoRank,NoRank,0,0,0,0,0,0,0,0x0,0x0,0x0,0x0,0x0,0x0,0x0,0x0,0x0,NoSupports,0x0,0x0,0x0,0x0
,0x267,0x0,0xcb,0,UseClassCardMug,MinimugDefault,NoAffinity,0xcb,0,0,0,0,0,0,0,0,0,NoRank,NoRank,NoRank,NoRank,NoRank,NoRank,NoRank,NoRank,0,0,0,0,0,0,0,0x0,0x0,0x0,0x0,0x0,0x0,0x0,0x0,0x0,NoSupports,0x0,0x0,0x0,0x0
,0x267,0x0,0xcc,0,UseClassCardMug,MinimugDefault,NoAffinity,0xcc,0,0,0,0,0,0,0,0,0,NoRank,NoRank,NoRank,NoRank,NoRank,NoRank,NoRank,NoRank,0,0,0,0,0,0,0,0x0,0x0,0x0,0x0,0x0,0x0,0x0,0x0,0x0,NoSupports,0x0,0x0,0x0,0x0
,0x267,0x0,0xcd,0,UseClassCardMug,MinimugDefault,NoAffinity,0xcd,0,0,0,0,0,0,0,0,0,NoRank,NoRank,NoRank,NoRank,NoRank,NoRank,NoRank,NoRank,0,0,0,0,0,0,0,0x0,0x0,0x0,0x0,0x0,0x0,0x0,0x0,0x0,NoSupports,0x0,0x0,0x0,0x0
,0x267,0x0,0xce,0,UseClassCardMug,MinimugDefault,NoAffinity,0xce,0,0,0,0,0,0,0,0,0,NoRank,NoRank,NoRank,NoRank,NoRank,NoRank,NoRank,NoRank,0,0,0,0,0,0,0,0x0,0x0,0x0,0x0,0x0,0x0,0x0,0x0,0x0,NoSupports,0x0,0x0,0x0,0x0
,0x267,0x0,0xcf,0,UseClassCardMug,MinimugDefault,NoAffinity,0xcf,0,0,0,0,0,0,0,0,0,NoRank,NoRank,NoRank,NoRank,NoRank,NoRank,NoRank,NoRank,0,0,0,0,0,0,0,0x0,0x0,0x0,0x0,0x0,0x0,0x0,0x0,0x0,NoSupports,0x0,0x0,0x0,0x0
,0x267,0x0,0xd0,0,UseClassCardMug,MinimugDefault,NoAffinity,0xd0,0,0,0,0,0,0,0,0,0,NoRank,NoRank,NoRank,NoRank,NoRank,NoRank,NoRank,NoRank,0,0,0,0,0,0,0,0x0,0x0,0x0,0x0,0x0,0x0,0x0,0x0,0x0,NoSupports,0x0,0x0,0x0,0x0
,0x267,0x0,0xd1,0,UseClassCardMug,MinimugDefault,NoAffinity,0xd1,0,0,0,0,0,0,0,0,0,NoRank,NoRank,NoRank,NoRank,NoRank,NoRank,NoRank,NoRank,0,0,0,0,0,0,0,0x0,0x0,0x0,0x0,0x0,0x0,0x0,0x0,0x0,NoSupports,0x0,0x0,0x0,0x0
,0x267,0x0,0xd2,0,UseClassCardMug,MinimugDefault,NoAffinity,0xd2,0,0,0,0,0,0,0,0,0,NoRank,NoRank,NoRank,NoRank,NoRank,NoRank,NoRank,NoRank,0,0,0,0,0,0,0,0x0,0x0,0x0,0x0,0x0,0x0,0x0,0x0,0x0,NoSupports,0x0,0x0,0x0,0x0
,0x267,0x0,0xd3,0,UseClassCardMug,MinimugDefault,NoAffinity,0xd3,0,0,0,0,0,0,0,0,0,NoRank,NoRank,NoRank,NoRank,NoRank,NoRank,NoRank,NoRank,0,0,0,0,0,0,0,0x0,0x0,0x0,0x0,0x0,0x0,0x0,0x0,0x0,NoSupports,0x0,0x0,0x0,0x0
,0x267,0x0,0xd4,0,UseClassCardMug,MinimugDefault,NoAffinity,0xd4,0,0,0,0,0,0,0,0,0,NoRank,NoRank,NoRank,NoRank,NoRank,NoRank,NoRank,NoRank,0,0,0,0,0,0,0,0x0,0x0,0x0,0x0,0x0,0x0,0x0,0x0,0x0,NoSupports,0x0,0x0,0x0,0x0
,0x267,0x0,0xd5,0,UseClassCardMug,MinimugDefault,NoAffinity,0xd5,0,0,0,0,0,0,0,0,0,NoRank,NoRank,NoRank,NoRank,NoRank,NoRank,NoRank,NoRank,0,0,0,0,0,0,0,0x0,0x0,0x0,0x0,0x0,0x0,0x0,0x0,0x0,NoSupports,0x0,0x0,0x0,0x0
,0x267,0x0,0xd6,0,UseClassCardMug,MinimugDefault,NoAffinity,0xd6,0,0,0,0,0,0,0,0,0,NoRank,NoRank,NoRank,NoRank,NoRank,NoRank,NoRank,NoRank,0,0,0,0,0,0,0,0x0,0x0,0x0,0x0,0x0,0x0,0x0,0x0,0x0,NoSupports,0x0,0x0,0x0,0x0
,0x267,0x0,0xd7,0,UseClassCardMug,MinimugDefault,NoAffinity,0xd7,0,0,0,0,0,0,0,0,0,NoRank,NoRank,NoRank,NoRank,NoRank,NoRank,NoRank,NoRank,0,0,0,0,0,0,0,0x0,0x0,0x0,0x0,0x0,0x0,0x0,0x0,0x0,NoSupports,0x0,0x0,0x0,0x0
,0x267,0x0,0xd8,0,UseClassCardMug,MinimugDefault,NoAffinity,0xd8,0,0,0,0,0,0,0,0,0,NoRank,NoRank,NoRank,NoRank,NoRank,NoRank,NoRank,NoRank,0,0,0,0,0,0,0,0x0,0x0,0x0,0x0,0x0,0x0,0x0,0x0,0x0,NoSupports,0x0,0x0,0x0,0x0
,0x267,0x0,0xd9,0,UseClassCardMug,MinimugDefault,NoAffinity,0xd9,0,0,0,0,0,0,0,0,0,NoRank,NoRank,NoRank,NoRank,NoRank,NoRank,NoRank,NoRank,0,0,0,0,0,0,0,0x0,0x0,0x0,0x0,0x0,0x0,0x0,0x0,0x0,NoSupports,0x0,0x0,0x0,0x0
,0x267,0x0,0xda,0,UseClassCardMug,MinimugDefault,NoAffinity,0xda,0,0,0,0,0,0,0,0,0,NoRank,NoRank,NoRank,NoRank,NoRank,NoRank,NoRank,NoRank,0,0,0,0,0,0,0,0x0,0x0,0x0,0x0,0x0,0x0,0x0,0x0,0x0,NoSupports,0x0,0x0,0x0,0x0
,0x267,0x0,0xdb,0,UseClassCardMug,MinimugDefault,NoAffinity,0xdb,0,0,0,0,0,0,0,0,0,NoRank,NoRank,NoRank,NoRank,NoRank,NoRank,NoRank,NoRank,0,0,0,0,0,0,0,0x0,0x0,0x0,0x0,0x0,0x0,0x0,0x0,0x0,NoSupports,0x0,0x0,0x0,0x0
,0x267,0x0,0xdc,0,UseClassCardMug,MinimugDefault,NoAffinity,0xdc,0,0,0,0,0,0,0,0,0,NoRank,NoRank,NoRank,NoRank,NoRank,NoRank,NoRank,NoRank,0,0,0,0,0,0,0,0x0,0x0,0x0,0x0,0x0,0x0,0x0,0x0,0x0,NoSupports,0x0,0x0,0x0,0x0
,0x267,0x0,0xdd,0,UseClassCardMug,MinimugDefault,NoAffinity,0xdd,0,0,0,0,0,0,0,0,0,NoRank,NoRank,NoRank,NoRank,NoRank,NoRank,NoRank,NoRank,0,0,0,0,0,0,0,0x0,0x0,0x0,0x0,0x0,0x0,0x0,0x0,0x0,NoSupports,0x0,0x0,0x0,0x0
,0x267,0x0,0xde,0,UseClassCardMug,MinimugDefault,NoAffinity,0xde,0,0,0,0,0,0,0,0,0,NoRank,NoRank,NoRank,NoRank,NoRank,NoRank,NoRank,NoRank,0,0,0,0,0,0,0,0x0,0x0,0x0,0x0,0x0,0x0,0x0,0x0,0x0,NoSupports,0x0,0x0,0x0,0x0
,0x267,0x0,0xdf,0,UseClassCardMug,MinimugDefault,NoAffinity,0xdf,0,0,0,0,0,0,0,0,0,NoRank,NoRank,NoRank,NoRank,NoRank,NoRank,NoRank,NoRank,0,0,0,0,0,0,0,0x0,0x0,0x0,0x0,0x0,0x0,0x0,0x0,0x0,NoSupports,0x0,0x0,0x0,0x0
,0x267,0x0,0xe0,0,UseClassCardMug,MinimugDefault,NoAffinity,0xe0,0,0,0,0,0,0,0,0,0,NoRank,NoRank,NoRank,NoRank,NoRank,NoRank,NoRank,NoRank,0,0,0,0,0,0,0,0x0,0x0,0x0,0x0,0x0,0x0,0x0,0x0,0x0,NoSupports,0x0,0x0,0x0,0x0
,0x267,0x0,0xe1,0,UseClassCardMug,MinimugDefault,NoAffinity,0xe1,0,0,0,0,0,0,0,0,0,NoRank,NoRank,NoRank,NoRank,NoRank,NoRank,NoRank,NoRank,0,0,0,0,0,0,0,0x0,0x0,0x0,0x0,0x0,0x0,0x0,0x0,0x0,NoSupports,0x0,0x0,0x0,0x0
,0x267,0x0,0xe2,0,UseClassCardMug,MinimugDefault,NoAffinity,0xe2,0,0,0,0,0,0,0,0,0,NoRank,NoRank,NoRank,NoRank,NoRank,NoRank,NoRank,NoRank,0,0,0,0,0,0,0,0x0,0x0,0x0,0x0,0x0,0x0,0x0,0x0,0x0,NoSupports,0x0,0x0,0x0,0x0
,0x267,0x0,0xe3,0,UseClassCardMug,MinimugDefault,NoAffinity,0xe3,0,0,0,0,0,0,0,0,0,NoRank,NoRank,NoRank,NoRank,NoRank,NoRank,NoRank,NoRank,0,0,0,0,0,0,0,0x0,0x0,0x0,0x0,0x0,0x0,0x0,0x0,0x0,NoSupports,0x0,0x0,0x0,0x0
,0x267,0x0,0xe4,0,UseClassCardMug,MinimugDefault,NoAffinity,0xe4,0,0,0,0,0,0,0,0,0,NoRank,NoRank,NoRank,NoRank,NoRank,NoRank,NoRank,NoRank,0,0,0,0,0,0,0,0x0,0x0,0x0,0x0,0x0,0x0,0x0,0x0,0x0,NoSupports,0x0,0x0,0x0,0x0
,0x267,0x0,0xe5,0,UseClassCardMug,MinimugDefault,NoAffinity,0xe5,0,0,0,0,0,0,0,0,0,NoRank,NoRank,NoRank,NoRank,NoRank,NoRank,NoRank,NoRank,0,0,0,0,0,0,0,0x0,0x0,0x0,0x0,0x0,0x0,0x0,0x0,0x0,NoSupports,0x0,0x0,0x0,0x0
,0x267,0x0,0xe6,0,UseClassCardMug,MinimugDefault,NoAffinity,0xe6,0,0,0,0,0,0,0,0,0,NoRank,NoRank,NoRank,NoRank,NoRank,NoRank,NoRank,NoRank,0,0,0,0,0,0,0,0x0,0x0,0x0,0x0,0x0,0x0,0x0,0x0,0x0,NoSupports,0x0,0x0,0x0,0x0
,0x267,0x0,0xe7,0,UseClassCardMug,MinimugDefault,NoAffinity,0xe7,0,0,0,0,0,0,0,0,0,NoRank,NoRank,NoRank,NoRank,NoRank,NoRank,NoRank,NoRank,0,0,0,0,0,0,0,0x0,0x0,0x0,0x0,0x0,0x0,0x0,0x0,0x0,NoSupports,0x0,0x0,0x0,0x0
,0x267,0x0,0xe8,0,UseClassCardMug,MinimugDefault,NoAffinity,0xe8,0,0,0,0,0,0,0,0,0,NoRank,NoRank,NoRank,NoRank,NoRank,NoRank,NoRank,NoRank,0,0,0,0,0,0,0,0x0,0x0,0x0,0x0,0x0,0x0,0x0,0x0,0x0,NoSupports,0x0,0x0,0x0,0x0
,0x267,0x0,0xe9,0,UseClassCardMug,MinimugDefault,NoAffinity,0xe9,0,0,0,0,0,0,0,0,0,NoRank,NoRank,NoRank,NoRank,NoRank,NoRank,NoRank,NoRank,0,0,0,0,0,0,0,0x0,0x0,0x0,0x0,0x0,0x0,0x0,0x0,0x0,NoSupports,0x0,0x0,0x0,0x0
,0x267,0x0,0xea,0,UseClassCardMug,MinimugDefault,NoAffinity,0xea,0,0,0,0,0,0,0,0,0,NoRank,NoRank,NoRank,NoRank,NoRank,NoRank,NoRank,NoRank,0,0,0,0,0,0,0,0x0,0x0,0x0,0x0,0x0,0x0,0x0,0x0,0x0,NoSupports,0x0,0x0,0x0,0x0
,0x267,0x0,0xeb,0,UseClassCardMug,MinimugDefault,NoAffinity,0xeb,0,0,0,0,0,0,0,0,0,NoRank,NoRank,NoRank,NoRank,NoRank,NoRank,NoRank,NoRank,0,0,0,0,0,0,0,0x0,0x0,0x0,0x0,0x0,0x0,0x0,0x0,0x0,NoSupports,0x0,0x0,0x0,0x0
,0x267,0x0,0xec,0,UseClassCardMug,MinimugDefault,NoAffinity,0xec,0,0,0,0,0,0,0,0,0,NoRank,NoRank,NoRank,NoRank,NoRank,NoRank,NoRank,NoRank,0,0,0,0,0,0,0,0x0,0x0,0x0,0x0,0x0,0x0,0x0,0x0,0x0,NoSupports,0x0,0x0,0x0,0x0
,0x267,0x0,0xed,0,UseClassCardMug,MinimugDefault,NoAffinity,0xed,0,0,0,0,0,0,0,0,0,NoRank,NoRank,NoRank,NoRank,NoRank,NoRank,NoRank,NoRank,0,0,0,0,0,0,0,0x0,0x0,0x0,0x0,0x0,0x0,0x0,0x0,0x0,NoSupports,0x0,0x0,0x0,0x0
,0x267,0x0,0xee,0,UseClassCardMug,MinimugDefault,NoAffinity,0xee,0,0,0,0,0,0,0,0,0,NoRank,NoRank,NoRank,NoRank,NoRank,NoRank,NoRank,NoRank,0,0,0,0,0,0,0,0x0,0x0,0x0,0x0,0x0,0x0,0x0,0x0,0x0,NoSupports,0x0,0x0,0x0,0x0
,0x267,0x0,0xef,0,UseClassCardMug,MinimugDefault,NoAffinity,0xef,0,0,0,0,0,0,0,0,0,NoRank,NoRank,NoRank,NoRank,NoRank,NoRank,NoRank,NoRank,0,0,0,0,0,0,0,0x0,0x0,0x0,0x0,0x0,0x0,0x0,0x0,0x0,NoSupports,0x0,0x0,0x0,0x0
,0x267,0x0,0xf0,0,UseClassCardMug,MinimugDefault,NoAffinity,0xf0,0,0,0,0,0,0,0,0,0,NoRank,NoRank,NoRank,NoRank,NoRank,NoRank,NoRank,NoRank,0,0,0,0,0,0,0,0x0,0x0,0x0,0x0,0x0,0x0,0x0,0x0,0x0,NoSupports,0x0,0x0,0x0,0x0
,0x267,0x0,0xf1,0,UseClassCardMug,MinimugDefault,NoAffinity,0xf1,0,0,0,0,0,0,0,0,0,NoRank,NoRank,NoRank,NoRank,NoRank,NoRank,NoRank,NoRank,0,0,0,0,0,0,0,0x0,0x0,0x0,0x0,0x0,0x0,0x0,0x0,0x0,NoSupports,0x0,0x0,0x0,0x0
,0x267,0x0,0xf2,0,UseClassCardMug,MinimugDefault,NoAffinity,0xf2,0,0,0,0,0,0,0,0,0,NoRank,NoRank,NoRank,NoRank,NoRank,NoRank,NoRank,NoRank,0,0,0,0,0,0,0,0x0,0x0,0x0,0x0,0x0,0x0,0x0,0x0,0x0,NoSupports,0x0,0x0,0x0,0x0
,0x267,0x0,0xf3,0,UseClassCardMug,MinimugDefault,NoAffinity,0xf3,0,0,0,0,0,0,0,0,0,NoRank,NoRank,NoRank,NoRank,NoRank,NoRank,NoRank,NoRank,0,0,0,0,0,0,0,0x0,0x0,0x0,0x0,0x0,0x0,0x0,0x0,0x0,NoSupports,0x0,0x0,0x0,0x0
,0x267,0x0,0xf4,0,UseClassCardMug,MinimugDefault,NoAffinity,0xf4,0,0,0,0,0,0,0,0,0,NoRank,NoRank,NoRank,NoRank,NoRank,NoRank,NoRank,NoRank,0,0,0,0,0,0,0,0x0,0x0,0x0,0x0,0x0,0x0,0x0,0x0,0x0,NoSupports,0x0,0x0,0x0,0x0
,0x267,0x0,0xf5,0,UseClassCardMug,MinimugDefault,NoAffinity,0xf5,0,0,0,0,0,0,0,0,0,NoRank,NoRank,NoRank,NoRank,NoRank,NoRank,NoRank,NoRank,0,0,0,0,0,0,0,0x0,0x0,0x0,0x0,0x0,0x0,0x0,0x0,0x0,NoSupports,0x0,0x0,0x0,0x0
,0x267,0x0,0xf6,0,UseClassCardMug,MinimugDefault,NoAffinity,0xf6,0,0,0,0,0,0,0,0,0,NoRank,NoRank,NoRank,NoRank,NoRank,NoRank,NoRank,NoRank,0,0,0,0,0,0,0,0x0,0x0,0x0,0x0,0x0,0x0,0x0,0x0,0x0,NoSupports,0x0,0x0,0x0,0x0
,0x267,0x0,0xf7,0,UseClassCardMug,MinimugDefault,NoAffinity,0xf7,0,0,0,0,0,0,0,0,0,NoRank,NoRank,NoRank,NoRank,NoRank,NoRank,NoRank,NoRank,0,0,0,0,0,0,0,0x0,0x0,0x0,0x0,0x0,0x0,0x0,0x0,0x0,NoSupports,0x0,0x0,0x0,0x0
,0x267,0x0,0xf8,0,UseClassCardMug,MinimugDefault,NoAffinity,0xf8,0,0,0,0,0,0,0,0,0,NoRank,NoRank,NoRank,NoRank,NoRank,NoRank,NoRank,NoRank,0,0,0,0,0,0,0,0x0,0x0,0x0,0x0,0x0,0x0,0x0,0x0,0x0,NoSupports,0x0,0x0,0x0,0x0
,0x267,0x0,0xf9,0,UseClassCardMug,MinimugDefault,NoAffinity,0xf9,0,0,0,0,0,0,0,0,0,NoRank,NoRank,NoRank,NoRank,NoRank,NoRank,NoRank,NoRank,0,0,0,0,0,0,0,0x0,0x0,0x0,0x0,0x0,0x0,0x0,0x0,0x0,NoSupports,0x0,0x0,0x0,0x0
,0x267,0x0,0xfa,0,UseClassCardMug,MinimugDefault,NoAffinity,0xfa,0,0,0,0,0,0,0,0,0,NoRank,NoRank,NoRank,NoRank,NoRank,NoRank,NoRank,NoRank,0,0,0,0,0,0,0,0x0,0x0,0x0,0x0,0x0,0x0,0x0,0x0,0x0,NoSupports,0x0,0x0,0x0,0x0
,0x267,0x0,0xfb,0,UseClassCardMug,MinimugDefault,NoAffinity,0xfb,0,0,0,0,0,0,0,0,0,NoRank,NoRank,NoRank,NoRank,NoRank,NoRank,NoRank,NoRank,0,0,0,0,0,0,0,0x0,0x0,0x0,0x0,0x0,0x0,0x0,0x0,0x0,NoSupports,0x0,0x0,0x0,0x0
,0x267,0x0,0xfc,0,UseClassCardMug,MinimugDefault,NoAffinity,0xfc,0,0,0,0,0,0,0,0,0,NoRank,NoRank,NoRank,NoRank,NoRank,NoRank,NoRank,NoRank,0,0,0,0,0,0,0,0x0,0x0,0x0,0x0,0x0,0x0,0x0,0x0,0x0,NoSupports,0x0,0x0,0x0,0x0
,0x267,0x0,0xfd,0x41,UseClassCardMug,MinimugDefault,NoAffinity,0xfd,0,0,0,0,0,0,0,0,0,NoRank,NoRank,NoRank,NoRank,NoRank,NoRank,NoRank,NoRank,0,0,0,0,0,0,0,0x0,0x0,0x0,0x0,0x0,0x0,0x0,0x0,0x0,NoSupports,0x0,0x0,0x0,0x0
,0x268,0x0,0xfe,0x41,UseClassCardMug,MinimugDefault,NoAffinity,0xfe,0,0,0,0,0,0,0,0,0,NoRank,NoRank,NoRank,NoRank,NoRank,NoRank,NoRank,NoRank,0,0,0,0,0,0,0,0x0,0x0,0x0,0x0,0x0,0x0,0x0,0x0,0x0,NoSupports,0x0,0x0,0x0,0x0
,0x269,0x0,0xff,0x41,UseClassCardMug,MinimugDefault,NoAffinity,0xff,0,0,0,0,0,0,0,0,0,NoRank,NoRank,NoRank,NoRank,NoRank,NoRank,NoRank,NoRank,0,0,0,0,0,0,0,0x0,0x0,0x0,0x0,0x0,0x0,0x0,0x0,0x0,NoSupports,0x0,0x0,0x0,0x0
